year,gmst_hadcrut5,gmst_gistemp,gmst_preind,co2_ppm_mlo,co2_ppm_icecore,co2_ppm,co2_mt,co2_pc,co2_per_gdp,co2_incl_luc_mt,co2_luc_mt,co2_coal_mt,co2_oil_mt,co2_gas_mt,co2_cement_mt,co2_flaring_mt,co2_cons_mt,co2_cons_pc,co2_trade_mt,co2_trade_share,co2_cum_mt,co2_cum_incl_luc_mt,co2_cum_luc_mt,co2_share_world,co2_cum_share_world,ch4_mtco2e,n2o_mtco2e,ghg_mtco2e,ghg_excl_lucf_mtco2e,ghg_pc,dT_from_ghg,dT_from_co2,dT_share_world,primary_energy_twh,coal_prod_twh,oil_prod_twh,gas_prod_twh,fossil_cons_twh,fossil_share_energy,fossil_prod_twh,world_dis_n_total,world_dis_n_climate,world_dis_n_flood,world_dis_n_storm,world_dis_n_drought,world_dis_n_extreme_temp,world_dis_n_wildfire,world_dis_n_geo,world_dis_deaths,world_dis_deaths_climate,world_dis_affected,world_dis_damage_kusd,world_dis_damage_climate_kusd,ef_cons_pc_2025ed,biocap_pc_2025ed,overshoot_ratio,lpi,lpi_hi,lpi_lo,material_footprint_t_sum,co2_gtc,co2_cum_incl_luc_gtco2
1850,-0.4265,,-0.06914313725490195,,284.0,284.0,196.848,0.154,0.127,2910.87,2714.022,196.848,,,,,,,,,4769.853,2910.87,2714.022,100.0,100.0,1239.419,143.746,4293.311,682.352,3.366,,,,,,,,,,,,,,,,,,,,,,,,,,,,,,,0.053724890829694325,2.91087
1851,-0.2635,,0.09385686274509802,,287.13,287.13,198.779,0.155,,3019.546,2820.767,198.779,,,,,,,,,4968.631,5930.416,5534.79,100.0,100.0,1244.062,146.325,4409.168,685.485,3.448,0.002,0.001,100.0,,,,,,,,,,,,,,,,,,,,,,,,,,,,0.054251910480349344,5.930416
1852,-0.2241,,0.13325686274509804,,,287.43666666666667,207.595,0.162,,3124.945,2917.35,207.595,,,,,,,,,5176.226,9055.361,8452.14,100.0,100.0,1250.699,148.849,4523.711,697.492,3.531,0.004,0.003,100.0,,,,,,,,,,,,,,,,,,,,,,,,,,,,0.05665802401746725,9.055361000000001
1853,-0.2623,,0.09505686274509806,,,287.74333333333334,217.237,0.169,,3152.687,2935.45,217.237,,,,,,,,,5393.463,12208.048,11387.59,100.0,100.0,1258.197,151.281,4561.398,711.177,3.556,0.006,0.004,100.0,,,,,,,,,,,,,,,,,,,,,,,,,,,,0.05928957423580786,12.208048000000002
1854,-0.2936,,0.06375686274509801,,288.05,288.05,255.039,0.199,,3230.597,2975.559,255.039,,,,,,,,,5648.502,15438.646,14363.148,100.0,100.0,1270.693,153.588,4653.988,758.008,3.623,0.008,0.006,100.0,,,,,,,,,,,,,,,,,,,,,,,,,,,,0.06960671397379913,15.438646
1855,-0.2914,,0.06595686274509804,,285.57,285.57,260.26,0.202,,3288.08,3027.82,260.223,0.037,,,,,,,,5908.762,18726.725,17390.969,100.0,100.0,1277.153,155.733,4720.01,766.209,3.669,0.01,0.007,100.0,,,,,,,,,,,,,,,,,,,,,,,,,,,,0.07103165938864628,18.726725
1856,-0.3281,,0.029256862745098033,,,284.365,278.246,0.216,,3322.114,3043.868,278.205,0.04,,,,,,,,6187.007,22048.838,20434.838,100.0,100.0,1285.795,157.684,4764.561,789.337,3.698,0.012,0.009,100.0,,,,,,,,,,,,,,,,,,,,,,,,,,,,0.0759405021834061,22.048838
1857,-0.4659,,-0.10854313725490194,,283.16,283.16,281.181,0.218,,3372.865,3091.683,281.13,0.051,,,,,,,,6468.188,25421.703,23526.52,100.0,100.0,1291.702,159.404,4822.786,794.659,3.737,0.014,0.01,100.0,,,,,,,,,,,,,,,,,,,,,,,,,,,,0.07674153930131004,25.421703
1858,-0.3968,,-0.03944313725490195,,,284.895,285.548,0.221,,3397.97,3112.421,285.486,0.062,,,,,,,,6753.737,28819.674,26638.941,100.0,100.0,1297.422,160.86,4855.032,801.201,3.756,0.016,0.012,100.0,,,,,,,,,,,,,,,,,,,,,,,,,,,,0.07793340611353712,28.819674
1859,-0.292,,0.06535686274509805,,286.63,286.63,302.572,0.234,,3458.485,3155.913,302.517,0.055,,,,,,,,7056.309,32278.158,29794.855,100.0,100.0,1306.546,162.016,4925.749,823.777,3.803,0.018,0.013,100.0,,,,,,,,,,,,,,,,,,,,,,,,,,,,0.0825796943231441,32.278158
1860,-0.4071,,-0.04974313725490198,,,286.81,332.298,0.256,,3228.275,2895.977,332.025,0.273,,,,,,,,7388.607,35506.434,32690.832,100.0,100.0,1317.403,162.837,4707.105,860.757,3.626,0.02,0.015,100.0,,,,,,,,,,,,,,,,,,,,,,,,,,,,0.09069268558951965,35.506434
1861,-0.4637,,-0.10634313725490196,,,286.99,349.19,0.268,,3115.803,2766.613,348.249,0.941,,,,,,,,7737.798,38622.238,35457.441,100.0,100.0,1325.747,163.448,4603.421,881.858,3.538,0.022,0.016,100.0,,,,,,,,,,,,,,,,,,,,,,,,,,,,0.09530294759825328,38.622237999999996
1862,-0.5548,,-0.19744313725490192,,287.17,287.17,355.991,0.273,,3048.249,2692.258,354.592,1.399,,,,,,,,8093.789,41670.484,38149.703,100.0,100.0,1332.229,164.005,4542.936,891.002,3.481,0.024,0.017,100.0,,,,,,,,,,,,,,,,,,,,,,,,,,,,0.09715911572052402,41.670483999999995
1863,-0.3828,,-0.025443137254901937,,285.35,285.35,379.535,0.29,,3042.359,2662.824,378.242,1.293,,,,,,,,8473.323,44712.844,40812.527,100.0,100.0,1343.454,164.522,4548.649,921.628,3.475,0.026,0.019,100.0,,,,,,,,,,,,,,,,,,,,,,,,,,,,0.10358487991266377,44.712844
1864,-0.4941,,-0.13674313725490195,,286.65,286.65,409.525,0.312,,3096.068,2686.542,408.416,1.11,,,,,,,,8882.849,47808.914,43499.07,100.0,100.0,1354.044,165.014,4613.389,958.063,3.514,0.028,0.02,100.0,,,,,,,,,,,,,,,,,,,,,,,,,,,,0.11176992358078602,47.808913999999994
1865,-0.3922,,-0.03484313725490196,,,286.1166666666667,434.851,0.33,,3043.131,2608.28,433.532,1.32,,,,,,,,9317.7,50852.043,46107.348,100.0,100.0,1363.89,165.493,4570.625,989.088,3.471,0.03,0.022,100.0,,,,,,,,,,,,,,,,,,,,,,,,,,,,0.11868204148471616,50.852042999999995
1866,-0.4002,,-0.042843137254901964,,,285.5833333333333,449.067,0.34,,3070.036,2620.969,447.115,1.952,,,,,,,,9766.768,53922.078,48728.316,100.0,100.0,1374.183,165.974,4608.313,1009.451,3.488,0.031,0.023,100.0,,,,,,,,,,,,,,,,,,,,,,,,,,,,0.12256195414847162,53.922078
1867,-0.3994,,-0.04204313725490194,,285.05,285.05,480.814,0.363,,3055.824,2575.01,478.829,1.985,,,,,,,,10247.581,56977.902,51303.328,100.0,100.0,1382.202,166.47,4602.519,1045.072,3.473,0.033,0.024,100.0,,,,,,,,,,,,,,,,,,,,,,,,,,,,0.13122652838427948,56.977902
1868,-0.3631,,-0.005743137254901942,,288.76,288.76,494.494,0.372,,3057.755,2563.261,492.205,2.288,,,,,,,,10742.074,60035.656,53866.59,100.0,100.0,1389.073,166.995,4611.74,1061.48,3.468,0.035,0.026,100.0,,,,,,,,,,,,,,,,,,,,,,,,,,,,0.13496015283842797,60.035656
1869,-0.3185,,0.03885686274509803,,,287.96000000000004,524.731,0.393,,3080.701,2555.97,522.117,2.614,,,,,,,,11266.806,63116.363,56422.559,100.0,100.0,1399.244,167.563,4645.359,1097.75,3.481,0.037,0.027,100.0,,,,,,,,,,,,,,,,,,,,,,,,,,,,0.14321260917030568,63.116363
1870,-0.3278,,0.029556862745098056,,287.16,287.16,536.123,0.4,0.273,3447.55,2911.427,532.99,3.133,,,,,,,,11802.929,66563.906,59333.984,100.0,100.0,1406.298,168.188,5019.819,1112.064,3.746,0.039,0.029,100.0,,,,,,,,,,,,,,,,,,,,,,,,,,,,0.14632177947598254,66.563906
1871,-0.3734,,-0.016043137254901974,,,286.99333333333334,569.777,0.423,,3566.819,2997.042,566.495,3.282,,,,,,,,12372.705,70130.727,62331.027,100.0,100.0,1419.828,170.613,5154.968,1152.059,3.829,0.042,0.03,100.0,,,,,,,,,,,,,,,,,,,,,,,,,,,,0.15550682314410483,70.130727
1872,-0.3095,,0.04785686274509804,,,286.8266666666667,630.961,0.466,,3788.768,3157.806,627.264,3.698,,,,,,,,13003.667,73919.492,65488.836,100.0,100.0,1438.484,176.099,5400.922,1224.993,3.992,0.044,0.032,100.0,,,,,,,,,,,,,,,,,,,,,,,,,,,,0.1722055131004367,73.919492
1873,-0.3212,,0.03615686274509805,,286.66,286.66,670.467,0.493,,3879.655,3209.188,664.798,5.669,,,,,,,,13674.135,77799.156,68698.023,100.0,100.0,1453.71,183.938,5514.893,1273.035,4.055,0.046,0.034,100.0,,,,,,,,,,,,,,,,,,,,,,,,,,,,0.18298771834061134,77.799156
1874,-0.3654,,-0.008043137254901966,,291.56,291.56,628.662,0.46,,3939.355,3310.693,622.42,6.242,,,,,,,,14302.797,81738.508,72008.711,100.0,100.0,1458.43,193.42,5588.725,1229.412,4.087,0.049,0.035,100.0,,,,,,,,,,,,,,,,,,,,,,,,,,,,0.17157805676855897,81.738508
1875,-0.3667,,-0.00934313725490199,,,290.81666666666666,681.048,0.495,,4013.273,3332.225,675.214,5.834,,,,,,,,14983.845,85751.773,75340.938,100.0,100.0,1474.561,203.836,5689.142,1291.478,4.138,0.051,0.037,100.0,,,,,,,,,,,,,,,,,,,,,,,,,,,,0.18587554585152838,85.751773
1876,-0.4108,,-0.05344313725490196,,,290.0733333333333,690.583,0.5,,4078.097,3387.515,684.048,6.534,,,,,,,,15674.428,89829.875,78728.453,100.0,100.0,1485.312,214.477,5775.295,1305.333,4.178,0.054,0.039,100.0,,,,,,,,,,,,,,,,,,,,,,,,,,,,0.18847789301310042,89.829875
1877,-0.0824,,0.274956862745098,,289.33,289.33,704.033,0.506,,4180.692,3476.66,695.211,8.822,,,,,,,,16378.46,94010.562,82205.117,100.0,100.0,1496.818,224.634,5899.497,1323.813,4.244,0.056,0.041,100.0,,,,,,,,,,,,,,,,,,,,,,,,,,,,0.19214874454148473,94.01056200000001
1878,0.0103,,0.367656862745098,,,288.81,709.65,0.508,,4241.147,3531.498,699.612,10.038,,,,,,,,17088.109,98251.719,85736.609,100.0,100.0,1506.982,233.598,5979.068,1333.009,4.278,0.059,0.043,100.0,,,,,,,,,,,,,,,,,,,,,,,,,,,,0.19368176855895197,98.251719
1879,-0.2887,,0.06865686274509802,,,288.28999999999996,759.794,0.54,,4348.402,3588.607,747.138,12.657,,,,,,,,17847.904,102600.117,89325.219,100.0,100.0,1522.503,240.66,6108.896,1391.913,4.345,0.062,0.045,100.0,,,,,,,,,,,,,,,,,,,,,,,,,,,,0.20736735807860263,102.600117
1880,-0.3032,-0.1733,0.05415686274509801,,287.77,287.77,858.228,0.607,,4481.337,3623.11,842.695,15.36,,0.172,,,,,,18706.131,107081.461,92948.32,100.0,100.0,1544.166,245.11,6267.865,1505.008,4.431,0.064,0.047,100.0,,,,,,,,,,,,,,,,,,,,,,,,,,,,0.23423253275109168,107.08146099999999
1881,-0.213,-0.0875,0.14435686274509804,,,289.3333333333333,888.173,0.624,,4491.63,3603.458,870.726,17.239,,0.208,,,,,,19594.303,111573.078,96551.789,100.0,100.0,1561.769,247.807,6298.316,1542.948,4.423,0.067,0.049,100.0,,,,,,,,,,,,,,,,,,,,,,,,,,,,0.24240529475982533,111.573078
1882,-0.2721,-0.11,0.08525686274509803,,,290.89666666666665,938.158,0.654,,4621.833,3683.676,918.787,18.936,0.165,0.27,,,,,,20532.461,116194.922,100235.461,100.0,100.0,1579.738,250.13,6448.854,1601.261,4.498,0.07,0.051,100.0,,,,,,,,,,,,,,,,,,,,,,,,,,,,0.2560474890829694,116.194922
1883,-0.3276,-0.1733,0.029756862745098034,,292.46,292.46,997.862,0.691,,4742.019,3744.156,980.636,16.498,0.381,0.348,,,,,,21530.324,120936.938,103979.617,100.0,100.0,1599.377,252.155,6590.572,1670.935,4.563,0.073,0.053,100.0,,,,,,,,,,,,,,,,,,,,,,,,,,,,0.27234224890829695,120.936938
1884,-0.4744,-0.2817,-0.11704313725490195,,289.49,289.49,1009.762,0.694,,4759.06,3749.298,989.938,18.319,1.172,0.333,,,,,,22540.088,125696.0,107728.914,100.0,100.0,1611.351,253.957,6621.438,1685.119,4.551,0.076,0.055,100.0,,,,,,,,,,,,,,,,,,,,,,,,,,,,0.2755900655021834,125.696
1885,-0.4581,-0.335,-0.10074313725490197,,,288.805,1017.489,0.694,,4772.625,3755.136,994.473,18.956,3.715,0.345,,,,,,23557.576,130468.625,111484.055,100.0,100.0,1623.198,255.61,6648.329,1694.989,4.535,0.079,0.057,100.0,,,,,,,,,,,,,,,,,,,,,,,,,,,,0.27769896288209606,130.468625
1886,-0.4082,-0.3158,-0.05084313725490197,,288.12,288.12,1032.987,0.699,,4783.079,3750.092,1003.117,21.821,7.676,0.374,,,,,,24590.562,135251.703,115234.141,100.0,100.0,1636.286,257.19,6673.521,1713.864,4.519,0.082,0.06,100.0,,,,,,,,,,,,,,,,,,,,,,,,,,,,0.28192876637554587,135.25170300000002
1887,-0.4883,-0.3642,-0.13094313725490198,,294.34,294.34,1084.283,0.729,,4893.109,3808.826,1048.46,23.479,11.787,0.556,,,,,,25674.846,140144.797,119042.969,100.0,100.0,1654.795,258.773,6803.576,1773.959,4.573,0.085,0.062,100.0,,,,,,,,,,,,,,,,,,,,,,,,,,,,0.2959287663755458,140.14479699999998
1888,-0.3726,-0.1783,-0.01524313725490195,,,293.34,1201.342,0.801,,5001.777,3800.435,1159.449,24.578,16.774,0.541,,,,,,26876.189,145146.594,122843.406,100.0,100.0,1679.947,260.432,6938.952,1906.466,4.629,0.088,0.064,100.0,,,,,,,,,,,,,,,,,,,,,,,,,,,,0.32787718340611355,145.14659400000002
1889,-0.2504,-0.1092,0.10695686274509802,,292.34,292.34,1202.098,0.796,,5037.133,3835.035,1160.885,28.404,12.227,0.582,,,,,,28078.285,150183.719,126678.445,100.0,100.0,1692.237,262.244,6988.416,1909.823,4.628,0.091,0.066,100.0,,,,,,,,,,,,,,,,,,,,,,,,,,,,0.3280835152838428,150.18371900000002
1890,-0.5003,-0.3575,-0.14294313725490193,,290.92,290.92,1307.255,0.86,,5423.613,4116.357,1260.254,34.648,11.688,0.665,,,,,,29385.541,155607.328,130794.797,100.0,100.0,1718.415,272.135,7410.932,2033.261,4.873,0.095,0.069,100.0,,,,,,,,,,,,,,,,,,,,,,,,,,,,0.3567835698689957,155.607328
1891,-0.3975,-0.2242,-0.040143137254901984,,,293.045,1369.598,0.894,,5575.736,4206.138,1319.138,40.829,8.947,0.684,,,,,,30755.139,161183.078,135000.938,100.0,100.0,1737.446,275.376,7585.248,2105.497,4.953,0.098,0.071,100.0,,,,,,,,,,,,,,,,,,,,,,,,,,,,0.3737985807860262,161.183078
1892,-0.5066,-0.2742,-0.14924313725490201,,295.17,295.17,1380.536,0.895,,5562.223,4181.686,1331.829,40.204,7.775,0.728,,,,,,32135.676,166745.297,139182.625,100.0,100.0,1750.336,278.739,7588.023,2120.234,4.922,0.101,0.074,100.0,,,,,,,,,,,,,,,,,,,,,,,,,,,,0.37678384279475985,166.745297
1893,-0.4949,-0.3125,-0.13754313725490197,,295.09,295.09,1363.18,0.878,,5582.068,4218.889,1312.683,42.544,7.288,0.665,,,,,,33498.855,172327.359,143401.516,100.0,100.0,1757.747,282.182,7618.795,2101.242,4.91,0.105,0.076,100.0,,,,,,,,,,,,,,,,,,,,,,,,,,,,0.37204694323144105,172.327359
1894,-0.4787,-0.3058,-0.12134313725490198,,293.49,293.49,1412.227,0.904,,5715.95,4303.722,1363.137,41.697,6.698,0.695,,,,,,34911.086,178043.312,147705.234,100.0,100.0,1777.388,285.662,7775.792,2160.927,4.978,0.108,0.079,100.0,,,,,,,,,,,,,,,,,,,,,,,,,,,,0.38543313318777295,178.04331200000001
1895,-0.4418,-0.2283,-0.08444313725490199,,,294.024,1495.964,0.951,,5786.031,4290.067,1439.659,48.536,7.042,0.726,,,,,,36407.047,183829.328,151995.297,100.0,100.0,1800.448,289.137,7872.411,2258.76,5.007,0.112,0.081,100.0,,,,,,,,,,,,,,,,,,,,,,,,,,,,0.40828711790393013,183.829328
1896,-0.2786,-0.1158,0.07875686274509802,,,294.558,1545.451,0.976,,5850.712,4305.261,1485.244,52.568,6.848,0.791,,,,,,37952.496,189680.062,156300.562,100.0,100.0,1817.2,292.564,7957.284,2316.076,5.028,0.116,0.084,100.0,,,,,,,,,,,,,,,,,,,,,,,,,,,,0.42179339519650655,189.680062
1897,-0.2547,-0.1117,0.10265686274509805,,,295.09200000000004,1618.405,1.016,,5993.856,4375.451,1554.677,55.527,7.288,0.914,,,,,,39570.902,195673.922,160676.0,100.0,100.0,1838.674,295.9,8125.195,2401.617,5.1,0.119,0.087,100.0,,,,,,,,,,,,,,,,,,,,,,,,,,,,0.4417044213973799,195.673922
1898,-0.474,-0.2758,-0.11664313725490194,,,295.62600000000003,1706.967,1.064,,6098.222,4391.255,1640.331,57.169,8.46,1.007,,,,,,41277.871,201772.141,165067.266,100.0,100.0,1861.349,299.103,8255.487,2504.003,5.147,0.123,0.09,100.0,,,,,,,,,,,,,,,,,,,,,,,,,,,,0.4658752729257642,201.772141
1899,-0.3443,-0.1767,0.013056862745098041,,296.16,296.16,1864.424,1.154,,6291.44,4427.016,1792.204,60.026,10.904,1.29,,,,,,43142.293,208063.578,169494.281,100.0,100.0,1892.905,302.13,8483.32,2684.199,5.252,0.127,0.092,100.0,,,,,,,,,,,,,,,,,,,,,,,,,,,,0.5088493449781659,208.063578
1900,-0.2302,-0.085,0.12715686274509805,,294.22,294.22,1962.884,1.206,0.56,6423.621,4460.737,1882.645,67.303,11.542,1.395,,,,,,45105.176,214487.188,173955.016,100.0,100.0,1919.446,304.938,8644.852,2800.415,5.312,0.131,0.095,100.0,,5349.888,234.949,73.84,,,5658.677,7.0,4.0,1.0,1.0,2.0,0.0,0.0,2.0,1267500.0,1267300.0,0.0,1098720.0,1098720.0,,,,,,,,0.535721615720524,214.487188
1901,-0.2872,-0.1542,0.07015686274509803,,,294.915,2025.628,1.235,,6611.075,4585.447,1936.356,74.746,12.861,1.666,,,,,,47130.805,221098.266,178540.469,100.0,100.0,1940.271,307.869,8856.1,2874.197,5.4,0.135,0.098,100.0,,5446.595,262.838,81.828,,,5791.261,2.0,0.0,0.0,0.0,0.0,0.0,0.0,1.0,200018.0,0.0,24.0,0.0,0.0,,,,,,,,0.5528460698689956,221.098266
1902,-0.4374,-0.2825,-0.08004313725490197,,295.61,295.61,2076.956,1.256,,6704.71,4627.754,1980.299,80.803,13.696,2.158,,,,,,49207.762,227802.969,183168.219,100.0,100.0,1957.994,311.228,8970.866,2933.611,5.427,0.139,0.101,100.0,,5578.424,285.389,89.816,,,5953.629,10.0,1.0,0.0,1.0,0.0,0.0,0.0,9.0,48438.0,600.0,142652.0,880384.0,0.0,,,,,,,,0.5668548034934499,227.80296900000002
1903,-0.5352,-0.3717,-0.17784313725490197,,,295.8,2264.592,1.358,,6927.692,4663.1,2161.955,85.56,14.528,2.548,,,,,,51472.352,234730.672,187831.312,100.0,100.0,1993.062,314.923,9232.675,3146.792,5.538,0.144,0.104,100.0,,6087.26,305.043,97.803,,,6490.106,12.0,5.0,2.0,2.0,1.0,0.0,0.0,7.0,7136.0,413.0,60023.0,16277328.0,16277328.0,,,,,,,,0.6180655021834062,234.730672
1904,-0.5971,-0.4767,-0.23974313725490193,,295.99,295.99,2290.255,1.362,,7062.163,4771.908,2174.434,96.073,15.165,2.749,,,,,,53762.609,241792.828,192603.219,100.0,100.0,2008.754,318.858,9386.916,3178.697,5.584,0.148,0.108,100.0,,6118.242,342.538,105.791,,,6566.571000000001,4.0,1.0,0.0,1.0,0.0,0.0,0.0,3.0,152.0,0.0,3969.0,0.0,0.0,,,,,,,,0.625069596069869,241.79282800000001
1905,-0.4059,-0.265,-0.04854313725490195,,299.02,299.02,2440.571,1.44,,7244.465,4803.895,2320.898,97.01,17.17,3.512,,,,,,56203.18,249037.297,197407.125,100.0,100.0,2034.716,322.94,9598.302,3345.558,5.661,0.152,0.111,100.0,,6596.002,336.898,113.779,,,7046.679,8.0,1.0,0.0,1.0,0.0,0.0,0.0,7.0,20987.0,240.0,22295.0,1654861.0,0.0,,,,,,,,0.6660947052401747,249.037297
1906,-0.3154,-0.2258,0.04195686274509802,,298.48,298.48,2548.978,1.491,,7420.486,4871.508,2425.449,97.878,19.027,4.497,,,,,,58752.156,256457.781,202278.641,100.0,100.0,2067.422,327.073,9810.574,3477.249,5.738,0.157,0.114,100.0,,6965.476,335.549,121.766,,,7422.790999999999,11.0,4.0,0.0,3.0,1.0,0.0,0.0,7.0,33651.0,10298.0,120482.0,21838748.0,678222.0,,,,,,,,0.695681768558952,256.457781
1907,-0.4995,-0.3883,-0.14214313725490196,,,299.4866666666667,2904.949,1.684,,7778.838,4873.889,2758.979,119.41,19.877,4.63,,,,,,61657.105,264236.625,207152.516,100.0,100.0,2118.715,331.165,10223.97,3875.045,5.928,0.162,0.118,100.0,,7705.012,414.9,129.754,,,8249.666,3.0,0.0,0.0,0.0,0.0,0.0,0.0,2.0,1313200.0,0.0,90000.0,981000.0,0.0,,,,,,,,0.7928354257641922,264.236625
1908,-0.5066,-0.4283,-0.14924313725490201,,,300.49333333333334,2790.395,1.604,,7711.734,4921.338,2635.282,128.779,19.676,4.824,,,,,,64447.5,271948.344,212073.859,100.0,100.0,2118.962,335.119,10160.848,3751.185,5.841,0.166,0.121,100.0,,7322.571,448.534,137.742,,,7908.847,3.0,0.0,0.0,0.0,0.0,0.0,0.0,3.0,75033.0,0.0,150000.0,3933688.0,0.0,,,,,,,,0.7615706877729258,271.94834399999996
1909,-0.5329,-0.4892,-0.175543137254902,,301.5,301.5,2907.112,1.658,,7906.798,4999.687,2740.823,134.358,23.523,6.06,,,,,,67354.609,279855.156,217073.547,100.0,100.0,2148.511,338.844,10389.171,3887.774,5.924,0.171,0.125,100.0,,7651.541,471.317,145.729,,,8268.587,17.0,7.0,1.0,5.0,0.0,0.0,0.0,8.0,1506356.0,838.0,3345.0,0.0,0.0,,,,,,,,0.7934257641921397,279.855156
1910,-0.5221,-0.4417,-0.16474313725490197,,297.87,297.87,3050.273,1.726,,7848.428,4798.155,2871.834,144.094,24.915,7.083,,,,,,70404.883,287703.594,221871.703,100.0,100.0,2176.739,342.243,10362.357,4049.323,5.863,0.176,0.128,100.0,,8062.113,512.639,157.589,,,8732.341,17.0,12.0,1.0,1.0,9.0,0.0,0.0,4.0,148993.0,86471.0,32000.0,0.0,0.0,,,,,,,,0.8324980895196507,287.703594
1911,-0.5398,-0.4483,-0.1824431372549019,,298.36,298.36,3097.207,1.74,,7862.826,4765.618,2909.144,152.815,25.718,7.258,,,,,,73502.094,295566.406,226637.312,100.0,100.0,2199.417,346.16,10403.387,4109.89,5.843,0.181,0.132,100.0,,8205.712,543.005,165.965,,,8914.681999999999,10.0,4.0,1.0,2.0,0.0,0.0,1.0,6.0,103705.0,101073.0,1687.0,654000.0,654000.0,,,,,,,,0.8453075873362446,295.56640600000003
1912,-0.4761,-0.3708,-0.11874313725490199,,,299.83000000000004,3253.929,1.815,,7921.23,4667.301,3058.476,157.161,28.315,7.629,,,,,,76756.023,303487.656,231304.625,100.0,100.0,2224.523,351.324,10492.065,4282.631,5.852,0.186,0.135,100.0,,8610.941,551.75,174.342,,,9337.033000000001,6.0,5.0,0.0,5.0,0.0,0.0,0.0,1.0,52093.0,51170.0,115715.0,1105034.0,1105034.0,,,,,,,,0.8880810589519651,303.487656
1913,-0.4635,-0.3533,-0.10614313725490199,,301.3,301.3,3524.846,1.953,,8145.113,4620.268,3302.354,181.957,29.598,8.516,,,,,,80280.867,311632.75,235924.875,100.0,100.0,2267.487,357.466,10765.312,4587.387,5.965,0.191,0.139,100.0,,9226.507,608.33,182.718,,,10017.555,6.0,1.0,0.0,1.0,0.0,0.0,0.0,4.0,1962.0,732.0,112.0,6156540.0,6156540.0,,,,,,,,0.962021288209607,311.63275
1914,-0.2595,-0.1625,0.09785686274509803,,300.7,300.7,3197.75,1.76,,7824.466,4626.716,2971.226,186.003,30.136,8.111,,,,,,83478.617,319457.219,240551.609,100.0,100.0,2242.119,364.317,10426.166,4225.762,5.738,0.196,0.142,100.0,,8280.982,626.59,191.094,,,9098.666,8.0,1.0,0.0,1.0,0.0,0.0,0.0,7.0,4422.0,0.0,54309.0,609497.0,0.0,,,,,,,,0.8727483624454149,319.457219
1915,-0.1906,-0.1467,0.16675686274509804,,,301.31,3148.031,1.721,,7701.369,4553.338,2908.266,197.563,31.866,7.915,,,,,,86626.648,327158.594,245104.938,100.0,100.0,2252.633,371.608,10321.157,4177.361,5.643,0.201,0.146,100.0,,8150.075,672.563,199.471,,,9022.108999999999,7.0,4.0,1.0,2.0,0.0,0.0,0.0,3.0,32337.0,2181.0,3000022.0,3650949.0,1810388.0,,,,,,,,0.8591787663755458,327.158594
1916,-0.4202,-0.3642,-0.06284313725490198,,301.92,301.92,3400.232,1.847,,7941.577,4541.345,3135.505,215.195,38.377,8.441,,,,,,90026.875,335100.156,249646.281,100.0,100.0,2295.854,379.071,10612.145,4463.556,5.763,0.206,0.15,100.0,,8742.186,721.49,207.847,,,9671.523,3.0,1.0,0.0,1.0,0.0,0.0,0.0,2.0,481.0,300.0,2153.0,0.0,0.0,,,,,,,,0.9280109170305677,335.100156
1917,-0.5439,-0.4625,-0.18654313725490201,,,302.885,3556.499,1.919,,8015.733,4459.234,3265.622,239.365,40.509,8.509,,,,,,93583.375,343115.875,254105.516,100.0,100.0,2328.266,386.437,10726.378,4642.977,5.786,0.211,0.153,100.0,,9104.161,797.539,216.223,,,10117.923,8.0,3.0,1.0,2.0,0.0,0.0,0.0,4.0,2523561.0,4057.0,635475.0,1190425.0,1190425.0,,,,,,,,0.9706602074235807,343.115875
1918,-0.426,-0.3008,-0.06864313725490195,,303.85,303.85,3506.085,1.878,,7922.89,4416.805,3215.897,245.023,36.519,6.519,,,,,,97089.461,351038.812,258522.328,100.0,100.0,2320.688,393.439,10633.156,4575.699,5.696,0.215,0.157,100.0,,8941.474,791.817,224.6,,,9957.891000000001,8.0,2.0,0.0,1.0,0.0,0.0,1.0,3.0,460950.0,1034.0,2000000.0,2620839.0,2031658.0,,,,,,,,0.9569009279475983,351.03881199999995
1919,-0.3324,-0.2775,0.024956862745098063,,304.61,304.61,3041.113,1.617,,7426.347,4385.234,2720.155,273.411,37.948,7.399,,,,,,100130.578,358465.156,262907.562,100.0,100.0,2289.866,399.806,10112.27,4070.594,5.377,0.22,0.16,100.0,,7583.658,901.779,232.976,,,8718.413,5.0,3.0,0.0,2.0,1.0,0.0,0.0,1.0,5500.0,500.0,0.0,440388.0,440388.0,,,,,,,,0.8299980895196506,358.46515600000004
1920,-0.3044,-0.2742,0.05295686274509803,,301.88,301.88,3546.758,1.871,0.735,8323.49,4776.732,3132.616,361.039,41.685,9.07,,,,,,103677.336,366788.594,267684.312,100.0,100.0,2355.954,405.271,11081.009,4632.993,5.846,0.225,0.164,100.0,,8691.727,1155.382,241.352,,,10088.461000000001,12.0,4.0,1.0,1.0,2.0,0.0,0.0,5.0,3206872.0,524224.0,20000167.0,685685.0,304749.0,,,,,,,,0.9680016375545851,366.788594
1921,-0.2414,-0.1908,0.11595686274509803,,,302.81666666666666,3114.994,1.63,,8100.611,4985.617,2672.104,397.27,34.992,8.94,,,,,,106792.328,374889.219,272669.906,100.0,100.0,2312.747,410.452,10820.044,4143.767,5.662,0.23,0.167,100.0,,7258.013,1250.841,249.729,,,8758.582999999999,2.0,1.0,0.0,0.0,1.0,0.0,0.0,0.0,1200000.0,1200000.0,5000000.0,0.0,0.0,,,,,,,,0.8501621179039301,374.88921899999997
1922,-0.3381,-0.2842,0.019256862745098025,,,303.75333333333333,3264.717,1.694,,8321.306,5056.589,2773.434,438.308,40.107,10.448,,,,,,110057.047,383210.562,277726.5,100.0,100.0,2362.89,416.042,11096.396,4329.45,5.758,0.235,0.171,100.0,,7660.614,1396.228,266.586,,,9323.428,8.0,4.0,0.0,2.0,0.0,0.0,1.0,3.0,101175.0,100143.0,11417.0,145118.0,145118.0,,,,,,,,0.8910253820960699,383.210562
1923,-0.3146,-0.2633,0.042756862745098045,,304.69,304.69,3702.996,1.905,,8871.153,5168.157,3149.715,485.534,52.526,12.507,,,,,,113760.039,392081.688,282894.656,100.0,100.0,2442.978,421.878,11732.04,4833.685,6.034,0.24,0.175,100.0,,8922.942,1651.332,312.346,,,10886.619999999999,16.0,7.0,0.0,6.0,0.0,0.0,0.0,6.0,254286.0,3339.0,18230033.0,10871154.0,178216.0,,,,,,,,1.0106430131004367,392.08168800000004
1924,-0.3085,-0.2683,0.04885686274509804,,,304.765,3716.143,1.895,,8830.048,5113.906,3155.952,484.185,59.709,13.582,,,,,,117476.18,400911.719,288008.562,100.0,100.0,2471.417,427.799,11725.088,4861.173,5.978,0.246,0.179,100.0,,8688.874,1646.668,358.107,,,10693.649,9.0,2.0,0.0,2.0,0.0,0.0,0.0,6.0,303279.0,2242.0,1012390.0,0.0,0.0,,,,,,,,1.0142311681222707,400.911719
1925,-0.2796,-0.2217,0.07775686274509802,,304.84,304.84,3740.633,1.89,,8989.484,5248.851,3153.677,505.524,63.923,14.429,,,,,,121216.82,409901.25,293257.406,100.0,100.0,2494.91,433.645,11913.61,4895.072,6.02,0.251,0.183,100.0,,8710.933,1726.508,403.867,,,10841.308,12.0,4.0,1.0,3.0,0.0,0.0,0.0,8.0,6959.0,819.0,17628.0,783640.0,644326.0,,,,,,,,1.020915120087336,409.90125
1926,-0.1221,-0.1083,0.23525686274509805,,,305.50666666666666,3677.407,1.842,,8943.637,5266.23,3084.044,506.47,69.145,14.74,,,,,,124894.227,418844.875,298523.656,100.0,100.0,2503.082,439.253,11881.277,4825.93,5.95,0.256,0.187,100.0,,8671.808,1771.993,449.627,,,10893.428000000002,15.0,12.0,3.0,7.0,0.0,0.0,0.0,2.0,427852.0,4696.0,40000.0,1790614.0,1790614.0,,,,,,,,1.0036591157205241,418.844875
1927,-0.2258,-0.2183,0.13155686274509804,,,306.1733333333333,4012.947,1.992,,9284.173,5271.226,3364.399,554.148,76.018,15.448,,,,,,128907.172,428129.031,303794.875,100.0,100.0,2576.853,444.462,12300.549,5221.131,6.105,0.262,0.191,100.0,,9344.693,2023.12,495.388,,,11863.201,10.0,6.0,2.0,4.0,0.0,0.0,0.0,4.0,53270.0,9018.0,253494.0,1089914.0,389342.0,,,,,,,,1.0952366266375546,428.129031
1928,-0.2084,-0.2008,0.14895686274509803,,306.84,306.84,3996.311,1.966,,9322.984,5326.674,3307.581,567.589,82.623,35.583,,,,,,132903.484,437452.0,309121.562,100.0,100.0,2593.703,449.111,12360.601,5207.193,6.08,0.268,0.196,100.0,,9178.925,2124.592,541.148,,,11844.664999999999,17.0,10.0,2.0,7.0,1.0,0.0,0.0,7.0,3004895.0,3004260.0,8209.0,1328846.0,1328846.0,,,,,,,,1.0906962336244541,437.452
1929,-0.3903,-0.3633,-0.032943137254901944,,305.62,305.62,4288.21,2.09,,9670.662,5382.453,3523.884,621.698,102.895,36.873,,,,,,137191.688,447122.656,314504.0,100.0,100.0,2652.586,453.038,12770.862,5543.765,6.223,0.274,0.2,100.0,,9761.583,2381.731,574.606,,,12717.92,5.0,3.0,0.0,2.0,0.0,0.0,1.0,2.0,3330.0,60.0,1121.0,974487.0,974487.0,,,,,,,,1.1703629912663756,447.122656
1930,-0.1699,-0.16,0.18745686274509804,,,305.68,3958.094,1.91,,9396.154,5438.06,3216.251,599.784,104.225,35.561,,,,,,141149.781,456518.812,319942.062,100.0,100.0,2655.139,456.083,12501.47,5201.91,6.034,0.279,0.204,100.0,,8920.001,2271.234,602.4,,,11793.635,21.0,4.0,0.0,3.0,0.0,0.0,0.0,16.0,9054.0,2122.0,52632.0,1094905.0,729937.0,,,,,,,,1.080265829694323,456.51881199999997
1931,-0.1058,-0.0908,0.25155686274509803,,305.74,305.74,3539.319,1.692,,9063.629,5524.311,2833.196,580.507,92.889,30.894,,,,,,144689.109,465582.469,325466.344,100.0,100.0,2641.023,458.565,12156.92,4753.062,5.811,0.285,0.208,100.0,,7866.673,2197.512,631.024,,,10695.208999999999,14.0,7.0,1.0,4.0,1.0,0.0,0.0,7.0,3718976.0,3703390.0,36000.0,29021300.0,28219330.0,,,,,,,,0.9659713427947598,465.582469
1932,-0.15,-0.16,0.20735686274509804,,308.26,308.26,3192.59,1.511,,8757.925,5565.335,2522.37,555.986,88.22,24.694,,,,,,147881.688,474340.406,331031.719,100.0,100.0,2637.263,460.978,11849.51,4387.373,5.607,0.29,0.212,100.0,,6994.432,2097.377,659.648,,,9751.456999999999,13.0,6.0,0.0,5.0,0.0,0.0,0.0,6.0,4917.0,3274.0,30701.0,672240.0,672240.0,,,,,,,,0.8713400655021835,474.34040600000003
1933,-0.3283,-0.2858,0.029056862745098055,,307.11,307.11,3362.682,1.575,,8883.585,5520.903,2638.807,607.577,90.919,23.839,,,,,,151244.375,483223.969,336552.594,100.0,100.0,2681.514,463.418,12021.46,4587.15,5.631,0.295,0.216,100.0,,7322.67,2290.273,688.273,,,10301.215999999999,10.0,5.0,2.0,3.0,0.0,0.0,0.0,5.0,31442.0,18116.0,3600150.0,980393.0,70872.0,,,,,,,,0.9177625545851528,483.223969
1934,-0.177,-0.1275,0.18035686274509805,,308.35,308.35,3656.186,1.695,,9230.619,5574.434,2880.47,643.636,101.952,28.514,,,,,,154900.562,492454.562,342127.062,100.0,100.0,2747.974,465.98,12437.094,4933.062,5.766,0.301,0.22,100.0,,7990.401,2416.888,716.897,,,11124.186000000002,8.0,5.0,0.0,4.0,0.0,0.0,0.0,3.0,5711.0,5591.0,0.0,1137122.0,1137122.0,,,,,,,,0.9978673580786026,492.45456199999995
1935,-0.2129,-0.2008,0.14445686274509803,,306.32,306.32,3835.741,1.76,,9347.265,5511.523,2998.369,691.96,111.374,32.058,,,,,,158736.297,501801.844,347638.562,100.0,100.0,2798.582,468.761,12606.813,5149.565,5.785,0.307,0.225,100.0,,8334.596,2627.659,745.522,,,11707.777,16.0,8.0,1.0,7.0,0.0,0.0,0.0,7.0,274119.0,204707.0,10313092.0,177956.0,177956.0,,,,,,,,1.0468725436681223,501.80184399999996
1936,-0.171,-0.1508,0.18635686274509802,,308.3,308.3,4207.929,1.911,,9852.772,5644.844,3287.721,753.446,125.532,38.736,,,,,,162944.234,511654.625,353283.406,100.0,100.0,2877.57,471.857,13194.023,5580.412,5.992,0.313,0.229,100.0,,9155.564,2861.701,774.146,,,12791.411,20.0,9.0,1.0,5.0,0.0,2.0,0.0,11.0,5886.0,5275.0,221516.0,460412.0,460412.0,,,,,,,,1.1484522379912665,511.654625
1937,-0.016,-0.0333,0.341356862745098,,307.41,307.41,4496.713,2.021,,10122.65,5625.938,3465.992,846.626,140.578,40.804,,,,,,167440.938,521777.281,358909.344,100.0,100.0,2940.399,475.365,13529.76,5911.669,6.082,0.319,0.234,100.0,,9618.814,3257.144,830.521,,,13706.479000000001,10.0,5.0,2.0,3.0,0.0,0.0,0.0,5.0,12450.0,11479.0,7700.0,9269440.0,9269440.0,,,,,,,,1.2272688318777292,521.777281
1938,-0.0129,-0.0042,0.344456862745098,,311.07,311.07,4229.617,1.881,,9895.467,5665.851,3230.586,822.813,135.497,38.521,,,,,,171670.562,531672.75,364575.188,100.0,100.0,2947.51,479.381,13313.498,5631.18,5.922,0.325,0.238,100.0,,8974.383,3179.63,881.948,,,13035.961,7.0,5.0,2.0,2.0,0.0,0.0,0.0,2.0,2208.0,2059.0,6430.0,6613696.0,6613696.0,,,,,,,,1.1543714519650656,531.67275
1939,-0.0418,-0.0217,0.31555686274509803,,310.83,310.83,4470.132,1.969,,10105.731,5635.598,3435.781,854.5,141.331,35.659,,,,,,176140.703,541778.5,370210.812,100.0,100.0,3004.825,484.0,13585.188,5908.239,5.983,0.332,0.243,100.0,,9479.81,3312.782,945.305,,,13737.897,12.0,5.0,2.0,2.0,0.0,0.0,1.0,7.0,563205.0,500084.0,656587.0,20608906.0,0.0,,,,,,,,1.2200141921397378,541.7785
1940,0.0738,0.1208,0.431156862745098,,310.38,310.38,4884.662,2.131,0.639,10628.067,5743.406,3795.503,900.981,153.52,31.431,,,,,,181025.359,552406.562,375954.219,100.0,100.0,3070.731,489.32,14177.45,6367.513,6.186,0.339,0.247,100.0,,10455.532,3419.488,1008.662,,,14883.681999999999,23.0,15.0,3.0,3.0,9.0,0.0,0.0,7.0,23500.0,20598.0,84705.0,936014.0,0.0,,,,,,,,1.3331501091703057,552.406562
1941,0.0344,0.18,0.391756862745098,,309.77,309.77,4999.09,2.162,,10890.24,5891.15,3885.963,912.337,153.463,43.293,,,,,,186024.438,563296.812,381845.344,100.0,100.0,3122.709,506.843,14507.957,6511.877,6.275,0.346,0.252,100.0,,10838.009,3522.425,1072.019,,,15432.453000000001,13.0,5.0,0.0,4.0,0.0,0.0,0.0,8.0,13002.0,10146.0,46292.0,829248.0,829248.0,,,,,,,,1.364380458515284,563.296812
1942,-0.0005,0.0617,0.35685686274509804,,312.37,312.37,4982.523,2.137,,10887.828,5905.305,3910.556,863.508,166.049,38.376,,,,,,191006.969,574184.625,387750.656,100.0,100.0,3158.67,544.782,14578.645,6509.649,6.254,0.353,0.257,100.0,,11023.774,3315.608,1135.375,,,15474.757,12.0,4.0,0.0,3.0,1.0,0.0,0.0,8.0,1604426.0,1601000.0,135.0,46741.0,0.0,,,,,,,,1.3598588973799126,574.184625
1943,0.0064,0.085,0.36375686274509805,,,312.365,5075.272,2.161,,10969.573,5894.301,3926.686,926.591,182.9,34.769,,,,,,196082.234,585154.188,393644.969,100.0,100.0,3221.97,598.293,14776.369,6644.408,6.29,0.36,0.262,100.0,,11329.403,3568.096,1198.732,,,16096.231,16.0,6.0,2.0,3.0,1.0,0.0,0.0,10.0,1912974.0,1905990.0,77348.0,18320154.0,15853980.0,,,,,,,,1.3851724890829693,585.154188
1944,0.1446,0.2017,0.5019568627450981,,312.36,312.36,5162.486,2.181,,10988.551,5826.065,3869.107,1068.786,197.601,22.664,,,,,,201244.719,596142.688,399471.031,100.0,100.0,3267.549,662.533,14904.324,6756.149,6.297,0.367,0.267,100.0,,10878.439,4098.133,1262.089,,,16238.661,15.0,7.0,0.0,5.0,0.0,0.0,2.0,7.0,16172.0,896.0,263673.0,3463054.0,1731527.0,,,,,,,,1.4089754366812226,596.142688
1945,0.0429,0.095,0.40025686274509803,,310.94,310.94,4289.312,1.799,,10152.701,5863.389,2999.876,1045.789,216.7,22.986,,,,,,205534.031,606295.438,405334.406,100.0,100.0,3229.961,732.66,14100.154,5824.484,5.913,0.374,0.272,100.0,,8728.483,4093.341,1325.446,,,14147.27,17.0,7.0,0.0,7.0,0.0,0.0,0.0,9.0,11358.0,4415.0,1906365.0,8549895.0,6772194.0,,,,,,,,1.1706637554585153,606.295438
1946,-0.1227,-0.0725,0.23465686274509803,,312.26,312.26,4608.545,1.918,,10436.161,5827.616,3236.01,1108.431,223.837,36.306,,,,,,210142.578,616731.562,411162.031,100.0,100.0,3323.815,803.829,14547.558,6216.727,6.056,0.381,0.276,100.0,,9398.169,4354.179,1396.386,,,15148.734,17.0,6.0,0.0,5.0,1.0,0.0,0.0,11.0,35563.0,30337.0,6384.0,398517.0,7814.0,,,,,,,,1.2577906659388647,616.731562
1947,-0.096,-0.0275,0.26135686274509806,,311.61,311.61,5165.204,2.133,,10943.44,5778.238,3623.154,1246.469,247.893,43.141,,,,,,215307.781,627675.062,416940.25,100.0,100.0,3433.029,871.198,15230.034,6861.721,6.29,0.388,0.281,100.0,,10559.624,4796.538,1544.878,,,16901.04,14.0,10.0,1.0,7.0,1.0,0.0,1.0,3.0,17650.0,6738.0,35020.0,1776562.0,1776562.0,,,,,,,,1.409717248908297,627.675062
1948,-0.1292,-0.1067,0.22815686274509803,,311.57,311.57,5447.883,2.231,,11172.639,5724.756,3740.727,1370.552,280.127,51.635,,,,,,220755.672,638847.688,422665.031,100.0,100.0,3481.768,929.925,15567.631,7172.138,6.375,0.396,0.286,100.0,,10910.78,5428.873,1746.574,,,18086.227,25.0,17.0,5.0,10.0,0.0,0.0,0.0,8.0,120828.0,4413.0,765028.0,13288314.0,228561.0,,,,,,,,1.4868676310043667,638.847688
1949,-0.1539,-0.11,0.20345686274509803,,309.69,309.69,5204.033,2.109,,10887.349,5683.316,3547.274,1293.929,300.46,58.189,,,,,,225959.703,649735.062,428348.344,100.0,100.0,3522.194,975.165,15368.438,6947.498,6.227,0.403,0.291,100.0,,10373.65,5397.739,1866.309,,,17637.698,21.0,12.0,2.0,8.0,0.0,0.0,1.0,9.0,123774.0,111884.0,299641.0,1334236.0,192069.0,,,,,,,,1.4203146834061136,649.7350620000001
1950,-0.2397,-0.1758,0.11765686274509804,,312.83,312.83,5930.406,2.379,0.701,12584.438,6654.031,3879.955,1551.783,353.156,66.9,73.624,,,,,231890.109,662319.438,435002.375,100.0,100.0,3607.457,1002.077,17047.688,7606.896,6.838,0.412,0.297,100.0,,11332.575,6055.578,2136.634,,,19524.787000000004,27.0,18.0,10.0,7.0,0.0,0.0,0.0,8.0,6845.0,4811.0,10886529.0,2857811.0,2541681.0,,,,,,,,1.6185605895196506,662.319438
1951,-0.0719,-0.0692,0.285456862745098,,,312.505,6381.651,2.516,,13578.992,7197.342,4084.146,1720.176,416.186,75.766,79.875,,,,,238271.75,675898.438,442199.688,100.0,100.0,3723.34,1018.664,18150.432,8111.834,7.154,0.421,0.303,100.0,,11939.019,6867.236,2534.509,,,21340.764000000003,31.0,21.0,7.0,11.0,0.0,2.0,0.0,10.0,18227.0,8688.0,734580.0,17912777.0,17643192.0,,,,,,,,1.7417169759825326,675.8984379999999
1952,0.0108,0.01,0.368156862745098,,312.18,312.18,6467.7,2.503,,13718.915,7251.215,4030.056,1819.094,447.086,80.746,85.364,,,,,244739.453,689617.375,449450.938,100.0,100.0,3800.598,1036.231,18382.768,8236.997,7.114,0.43,0.309,100.0,,11870.501,7218.299,2729.627,,,21818.427,29.0,15.0,4.0,9.0,0.0,0.0,0.0,14.0,6886.0,6504.0,1006727.0,1637164.0,595749.0,,,,,,,,1.7652019650655022,689.617375
1953,0.077,0.0792,0.43435686274509805,,,312.45500000000004,6651.039,2.525,,14034.659,7383.62,4061.101,1938.059,474.53,89.546,81.348,,,,,251390.484,703652.062,456834.531,100.0,100.0,3889.637,1054.886,18800.711,8469.682,7.137,0.439,0.315,100.0,,11923.186,7632.513,2886.345,,,22442.044,37.0,26.0,12.0,11.0,0.0,3.0,0.0,10.0,12997.0,9608.0,3394062.0,11233401.0,4286950.0,,,,,,,,1.815239901746725,703.652062
1954,-0.1175,-0.1325,0.23985686274509804,,312.73,312.73,6789.734,2.528,,14596.57,7806.836,4053.676,2054.232,501.356,97.134,77.615,,,,,258180.234,718248.625,464641.406,100.0,100.0,3988.856,1074.734,19481.365,8673.794,7.253,0.449,0.322,100.0,,11769.438,7990.694,3027.598,,,22787.730000000003,33.0,27.0,9.0,10.0,0.0,0.0,0.0,6.0,41847.0,38491.0,437446.0,10084464.0,9980804.0,,,,,,,,1.853093340611354,718.248625
1955,-0.1987,-0.14,0.15865686274509805,,314.71,314.71,7444.103,2.717,,15438.17,7994.067,4386.083,2299.538,547.242,107.436,96.836,,,,,265624.344,733686.812,472635.438,100.0,100.0,4180.018,1095.884,20510.934,9461.887,7.485,0.46,0.328,100.0,,12787.882,8955.483,3293.563,,,25036.928,32.0,25.0,3.0,19.0,0.0,1.0,0.0,7.0,5556.0,5064.0,405729.0,10037230.0,9980330.0,,,,,,,,2.0316875,733.686812
1956,-0.265,-0.1892,0.09235686274509802,,315.34,315.34,7926.275,2.835,,15986.904,8060.629,4608.297,2499.033,587.242,116.488,108.174,,,,,273550.594,749673.625,480696.062,100.0,100.0,4309.005,1118.44,21197.357,10025.629,7.583,0.471,0.336,100.0,,13514.091,9745.858,3571.75,,,26831.699,36.0,29.0,9.0,14.0,0.0,0.0,1.0,7.0,7737.0,6974.0,1079589.0,280228.0,0.0,,,,,,,,2.1632846615720522,749.673625
1957,-0.0349,0.0475,0.32245686274509805,,315.34,315.34,8185.976,2.87,,16466.127,8280.151,4691.583,2612.05,646.687,122.452,106.383,,,,,281736.562,766139.812,488976.219,100.0,100.0,4435.85,1142.511,21805.078,10355.332,7.644,0.482,0.343,100.0,,13893.758,10270.767,3880.716,,,28045.241,28.0,20.0,11.0,9.0,0.0,0.0,0.0,8.0,10589.0,3619.0,536770.0,2115105.0,1627005.0,,,,,,,,2.234163755458515,766.139812
1958,-0.0165,0.0592,0.340856862745098,,315.34,315.34,8417.517,2.891,,16629.943,8212.429,4761.458,2719.235,705.853,129.694,95.115,,,,,290154.094,782769.688,497188.656,100.0,100.0,4525.489,1168.204,22099.877,10656.435,7.591,0.493,0.35,100.0,,14332.808,10527.977,4174.047,,,29034.832000000002,24.0,19.0,3.0,13.0,0.0,2.0,0.0,5.0,4061.0,3723.0,29426.0,5597078.0,5490437.0,,,,,,,,2.2973572598253273,782.769688
1959,-0.0465,0.0308,0.31085686274509805,315.98,315.97,315.98,8855.112,2.986,,17547.879,8692.767,4953.932,2897.693,758.26,145.245,91.693,,,,,299009.219,800317.625,505881.438,100.0,100.0,4725.665,1195.624,23239.465,11250.872,7.835,0.506,0.358,100.0,,14854.895,11360.858,4659.676,,,30875.429,33.0,30.0,13.0,16.0,0.0,0.0,0.0,3.0,2013208.0,2013139.0,1514863.0,7141411.0,7026429.0,,,,,,,,2.416788209606987,800.317625
1960,-0.1134,-0.025,0.24395686274509804,316.91,316.91,316.91,9386.951,3.113,0.704,16997.52,7610.568,5158.323,3119.97,834.618,157.394,89.14,,,,,308396.156,817315.125,513492.0,100.0,100.0,4861.831,1224.879,22832.379,11855.522,7.572,0.518,0.366,100.0,,15475.8,12240.843,5072.324,,,32788.967,39.0,30.0,7.0,20.0,1.0,0.0,0.0,9.0,39724.0,19793.0,2818827.0,19153098.0,4677837.0,,,,,,,,2.56194077510917,817.315125
1961,-0.0144,0.0575,0.342956862745098,317.64,317.64,317.64,9414.99,3.072,,17045.148,7630.158,4944.186,3309.097,882.126,164.144,86.219,,,,,317811.156,834360.312,521122.156,100.0,100.0,4904.216,1296.961,22968.943,11899.996,7.494,0.53,0.373,100.0,,14579.534,13029.392,5449.435,,,33058.361,29.0,26.0,8.0,14.0,1.0,1.0,0.0,3.0,17381.0,17281.0,1313555.0,4896975.0,4896975.0,2.2843121045450183,3.17930531962879,0.7184940969468546,,,,,2.5695933406113536,834.360312
1962,-0.0588,0.0308,0.298556862745098,318.45,318.45,318.45,9747.241,3.121,,16885.641,7138.4,4928.587,3558.261,967.82,176.364,85.931,,,,,327558.406,851245.938,528260.5,100.0,100.0,4981.43,1341.992,22922.6,12273.166,7.339,0.542,0.381,100.0,,14930.751,14133.672,5961.995,,,35026.418000000005,29.0,24.0,8.0,13.0,0.0,1.0,0.0,5.0,17239.0,3161.0,245454.0,15401282.0,13084543.0,2.27446351216206,3.13448326528459,0.7256263057303495,,,,,2.660273198689956,851.2459379999999
1963,-0.0314,0.0533,0.32595686274509805,318.99,318.99,318.99,10266.777,3.216,,17220.107,6953.332,5107.931,3803.658,1046.95,185.981,90.506,,,,,337825.156,868466.0,535213.875,100.0,100.0,5105.29,1386.239,23411.465,12905.588,7.333,0.555,0.388,100.0,,15383.595,15164.043,6523.504,,,37071.142,44.0,34.0,8.0,21.0,1.0,2.0,0.0,7.0,37431.0,33191.0,6195627.0,18745652.0,8746458.0,2.230061705163476,3.06770751799379,0.7269473025322457,,,,,2.8020679585152837,868.466
1964,-0.3021,-0.1983,0.055256862745098057,319.62,319.62,319.62,10824.47,3.316,,17484.389,6659.918,5213.215,4104.341,1152.992,206.15,112.792,,,,,348649.656,885950.438,541873.812,100.0,100.0,5205.581,1436.231,23798.047,13516.066,7.29,0.567,0.396,100.0,,16064.467,16376.738,7127.606,,,39568.811,63.0,52.0,22.0,22.0,7.0,0.0,0.0,8.0,12892.0,11936.0,7902125.0,23688636.0,12695796.0,2.213501187222966,3.01338956300493,0.7345552710468934,,,,,2.9542767467248905,885.950438
1965,-0.2023,-0.1067,0.15505686274509803,320.04,320.04,320.04,11310.603,3.392,,17696.027,6385.424,5289.088,4409.442,1230.667,216.431,130.443,,,,,359960.25,903646.5,548259.25,100.0,100.0,5343.486,1493.052,24194.01,14119.118,7.256,0.581,0.404,100.0,43360.309,16381.558,18231.082,7638.485,40492.973,93.748,42251.125,68.0,53.0,19.0,19.0,7.0,1.0,1.0,9.0,1565529.0,1563663.0,123102411.0,24443364.0,22431898.0,2.213944604493849,2.95633127775667,0.7488824480366894,,,,,3.086954967248908,903.6465
1966,-0.1454,-0.0558,0.21195686274509803,321.37,321.38,321.37,11862.625,3.485,,17779.766,5917.141,5349.978,4758.873,1339.98,233.008,144.566,,,,,371822.875,921426.188,554176.375,100.0,100.0,5545.599,1556.812,24516.84,14822.013,7.202,0.594,0.412,100.0,45732.449,16608.723,19796.811,8219.038,42654.66,93.635,44624.572,83.0,66.0,23.0,27.0,9.0,2.0,1.0,15.0,17218.0,13141.0,12408584.0,26931059.0,23588182.0,2.3072161604773544,2.91968270946056,0.7902283878317844,,,,,3.2376159934497815,921.4261879999999
1967,-0.1157,-0.0233,0.24165686274509804,322.18,322.16,322.18,12237.371,3.523,,18487.898,6250.528,5261.868,5074.54,1433.099,239.881,190.783,,,,,384060.219,939914.125,560426.938,100.0,100.0,5608.186,1613.397,25319.172,15210.583,7.289,0.608,0.42,100.0,47410.555,16018.826,21238.463,8845.135,44248.492,93.691,46102.424,79.0,59.0,26.0,25.0,5.0,0.0,1.0,15.0,10045.0,5953.0,6717701.0,14923694.0,13197329.0,2.436531095223157,2.87180105362619,0.848433108604991,,,,,3.339893831877729,939.914125
1968,-0.164,-0.0825,0.19335686274509803,323.05,323.04,323.05,12905.273,3.64,,19232.404,6327.129,5319.659,5528.198,1559.751,255.273,203.8,,,,,396965.5,959146.562,566754.0,100.0,100.0,5702.289,1665.257,26188.367,15934.297,7.387,0.622,0.428,100.0,50246.746,16464.762,23170.031,9675.573,46887.98,93.675,49310.365999999995,82.0,60.0,20.0,25.0,7.0,2.0,2.0,18.0,22174.0,10336.0,26648067.0,8975821.0,4762536.0,2.466119553288214,2.82846907993349,0.8718919965517895,,,,,3.5221814956331876,959.146562
1969,-0.0278,0.0525,0.32955686274509804,324.62,324.62,324.62,13761.798,3.802,,20702.344,6940.544,5518.273,5978.462,1708.72,270.599,244.035,,,,,410727.312,979848.875,573694.562,100.0,100.0,5885.07,1704.999,27861.912,16961.33,7.698,0.637,0.437,100.0,53700.402,16797.789,24940.334,10625.758,50125.828,93.7,52363.881,78.0,51.0,14.0,25.0,10.0,0.0,1.0,13.0,11714.0,4814.0,12314395.0,20053876.0,19393304.0,2.4835216122572734,2.77109518374277,0.8962238564836714,,,,,3.7559492358078606,979.848875
1970,-0.084,0.0275,0.273356862745098,325.68,325.68,325.68,14899.139,4.033,0.679,21588.809,6689.67,5698.858,6799.016,1790.936,288.231,277.747,,,,,425626.469,1001437.688,580384.25,100.0,100.0,6036.888,1731.281,28904.395,18140.758,7.823,0.653,0.447,100.0,57177.613,17469.682,27433.883,9760.88,53386.539,93.722,54664.445,80.0,64.0,31.0,24.0,2.0,0.0,1.0,12.0,387089.0,307969.0,47204706.0,24145357.0,19422775.0,2.6878809309184657,2.7262343156238,0.98593173576991,100.0,100.0,100.0,26208959267.4717,4.066358897379913,1001.437688
1971,-0.2041,-0.08,0.15325686274509803,326.32,326.32,326.32,15503.862,4.113,,21643.262,6139.398,5700.055,7201.027,1933.588,303.058,321.473,,,,,441130.312,1023080.938,586523.625,100.0,100.0,6056.77,1719.66,28942.801,18752.789,7.677,0.668,0.456,100.0,59438.562,17310.953,29000.791,10441.183,55397.43,93.558,56752.92700000001,62.0,51.0,15.0,22.0,7.0,1.0,0.0,9.0,18087.0,14666.0,11737028.0,12842163.0,6536175.0,2.7026527470231376,2.6872974048105,1.005714046456172,99.1002759,100.9532123,97.3148947,27160773232.686,4.231403384279476,1023.080938
1972,-0.0902,0.01,0.26715686274509803,327.46,327.45,327.46,16224.579,4.22,,22662.668,6438.088,5691.283,7764.705,2052.349,321.256,346.914,,,,,457354.906,1045743.625,592961.75,100.0,100.0,6183.963,1780.741,30118.918,19536.199,7.833,0.684,0.466,100.0,62703.992,17251.293,30649.971,10955.471,58365.336,93.437,58856.735,63.0,55.0,15.0,26.0,7.0,2.0,0.0,7.0,20058.0,4840.0,219159850.0,31991219.0,23495034.0,2.6116288715706983,2.62411313290579,0.9952424835733865,97.9298836,101.1930825,94.7653954,27882643095.707798,4.428105622270742,1045.743625
1973,0.0525,0.1617,0.409856862745098,329.68,329.68,329.68,17077.285,4.356,,23331.549,6254.265,5860.898,8219.69,2202.723,340.161,402.186,,,,,474432.188,1069075.125,599215.938,100.0,100.0,6345.583,1838.919,30973.744,20513.975,7.9,0.701,0.477,100.0,66337.648,17558.373,33445.121,11482.695,61791.586,93.493,62486.189,63.0,54.0,20.0,22.0,2.0,3.0,2.0,9.0,110594.0,110003.0,11888984.0,16599336.0,16344731.0,2.776992787849705,2.60089388481317,1.0677070695059074,96.7828407,101.005601,92.6636049,29406413789.5783,4.660831058951965,1069.075125
1974,-0.1687,-0.0708,0.18865686274509805,330.19,330.18,330.19,16997.912,4.253,,23310.912,6312.999,5857.693,8099.29,2256.541,340.611,391.389,,,,,491430.094,1092386.125,605529.0,100.0,100.0,6363.316,1852.229,31021.443,20463.146,7.762,0.718,0.487,100.0,66696.508,17712.754,33519.68,11725.098,61586.688,92.717,62957.532,68.0,59.0,17.0,28.0,4.0,0.0,0.0,6.0,87525.0,61196.0,45068613.0,24655931.0,24574022.0,2.748771975279781,2.5402435086374,1.0820899515866638,95.3454341,100.6185497,90.2682746,29619563038.317,4.639168122270743,1092.386125
1975,-0.106,-0.0125,0.25135686274509805,331.13,331.11,331.13,16988.477,4.173,,23111.973,6123.497,6018.315,8005.122,2241.266,339.876,336.728,,,,,508418.562,1115498.125,611652.438,100.0,100.0,6448.271,1906.747,31003.484,20498.238,7.616,0.734,0.497,100.0,67157.297,18767.678,31837.768,11750.097,61701.688,92.263,62355.543,59.0,50.0,17.0,25.0,0.0,3.0,0.0,8.0,26858.0,22224.0,51139331.0,17913059.0,17811146.0,2.742180710059686,2.49868942002974,1.0974476011616714,93.5558012,99.7971052,87.6303107,29403639660.639,4.636593067685589,1115.498125
1976,-0.2108,-0.0975,0.14655686274509805,332.03,332.04,332.03,17862.492,4.31,,23922.773,6060.281,6226.34,8475.642,2359.009,356.053,395.431,,,,,526281.062,1139420.875,617712.75,100.0,100.0,6544.579,1955.474,31968.012,21468.15,7.714,0.75,0.508,100.0,70744.766,19299.518,34590.738,12256.773,65115.391,92.413,66147.029,88.0,59.0,16.0,30.0,6.0,0.0,1.0,26.0,280480.0,3038.0,24405364.0,76012429.0,18782514.0,2.7396242913574618,2.46540453081511,1.1112270855005242,91.4892185,98.4079385,84.93377989999999,30446463952.2529,4.875134279475982,1139.420875
1977,0.1051,0.1783,0.462456862745098,333.84,333.83,333.84,18358.039,4.352,,24978.129,6620.091,6375.023,8767.405,2411.72,372.71,381.487,,,,,544639.062,1164399.0,624332.812,100.0,100.0,6627.559,2001.852,33141.996,22017.164,7.858,0.767,0.519,100.0,73306.172,19885.986,35798.867,12774.155,67221.594,92.075,68459.008,138.0,97.0,47.0,29.0,16.0,1.0,1.0,19.0,22406.0,17909.0,27991798.0,50768802.0,40188659.0,2.7189060092674486,2.42568257185454,1.1208828561557116,88.5352412,95.6108932,81.8530892,31345048084.215,5.010381823144105,1164.399
1978,0.0055,0.0667,0.36285686274509804,335.41,335.4,335.41,19024.742,4.433,,25588.641,6563.897,6510.128,9133.723,2541.737,397.889,390.189,,,,,563663.875,1189987.625,630896.75,100.0,100.0,6657.352,2040.121,33813.844,22732.695,7.878,0.784,0.53,100.0,76179.039,20194.787,36124.168,13206.601,69471.414,91.587,69525.556,132.0,98.0,47.0,38.0,9.0,1.0,1.0,11.0,38096.0,9874.0,54882154.0,28954791.0,22812489.0,2.773840034820431,2.40777297620088,1.1520355375020248,85.68404670000001,92.7871614,78.98626130000001,32680936694.734,5.192342248908297,1189.987625
1979,0.0881,0.1633,0.44545686274509805,336.84,336.84,336.84,19508.59,4.466,,25364.418,5855.829,6799.882,9224.317,2668.065,403.703,360.159,,,,,583172.438,1215352.0,636752.562,100.0,100.0,6825.825,2098.113,33813.141,23333.852,7.74,0.801,0.541,100.0,78698.641,21380.146,37653.043,14097.017,71666.602,91.462,73130.206,115.0,85.0,34.0,30.0,9.0,4.0,1.0,26.0,7297.0,4469.0,61733267.0,18947910.0,16730504.0,2.814032368205749,2.36136095004641,1.1916993749517382,83.34747999999999,90.6706792,76.50850630000001,33469109497.41,5.324396834061136,1215.352
1980,0.1915,0.2542,0.548856862745098,338.76,338.75,338.76,19409.793,4.364,0.607,25411.107,6001.314,6984.99,8912.474,2741.514,406.156,316.456,,,,,602582.25,1240763.125,642753.875,100.0,100.0,6785.667,2117.527,33850.023,23138.926,7.611,0.818,0.552,100.0,78010.562,20968.074,35949.586,14283.338,70683.391,91.017,71200.998,124.0,96.0,39.0,36.0,13.0,3.0,1.0,20.0,22998.0,13534.0,75466559.0,121158636.0,23811866.0,2.5965258448813344,2.32082858145598,1.1187926008961828,81.5080934,89.2105091,74.388272,33276578288.843,5.297432587336245,1240.763125
1981,0.247,0.3208,0.604356862745098,340.12,340.11,340.12,18879.756,4.169,,24716.338,5836.581,6942.941,8483.404,2763.373,406.189,237.177,,,,,621461.938,1265479.5,648590.438,100.0,100.0,6610.78,2069.155,32964.98,22477.447,7.279,0.834,0.563,100.0,77654.789,21445.23,33858.336,14530.98,69843.836,90.366,69834.546,130.0,109.0,41.0,47.0,9.0,2.0,2.0,16.0,119439.0,112771.0,32022205.0,46040831.0,39588224.0,2.565989453998597,2.29896208010124,1.1161512737459323,79.8368748,87.8251131,72.51910620000001,33274078140.196,5.152771834061136,1265.4795
1982,0.031,0.1383,0.38835686274509806,341.48,341.45,341.48,18729.742,4.06,,24261.297,5531.553,7066.997,8276.258,2701.499,404.047,235.583,,,,,640191.688,1289740.75,654122.0,100.0,100.0,6683.251,2127.098,32682.762,22398.619,7.085,0.85,0.574,100.0,77277.594,22204.41,32518.732,14597.483,69135.172,89.9,69320.625,153.0,127.0,48.0,51.0,11.0,3.0,2.0,19.0,14036.0,8765.0,151214748.0,36240224.0,28870704.0,2.474373963345475,2.27466321735515,1.0877979405771272,77.2813851,85.3322953,69.9519295,33275441916.764,5.111829148471616,1289.74075
1983,0.2208,0.3133,0.578156862745098,343.15,343.05,343.15,18901.775,4.024,,24741.631,5839.854,7269.239,8214.693,2743.12,413.275,212.848,,,,,659093.5,1314482.375,659961.875,100.0,100.0,6684.616,2165.249,33217.363,22615.838,7.072,0.866,0.585,100.0,78599.125,22137.172,32122.473,14728.053,69852.227,89.322,68987.698,202.0,159.0,48.0,55.0,27.0,2.0,11.0,36.0,461724.0,457754.0,106278497.0,51856167.0,48195565.0,2.3716334464085262,2.22656610481107,1.0651529461820157,74.5181848,82.54593489999999,67.2454963,33828647137.807,5.158781386462882,1314.482375
1984,0.046,0.1533,0.403356862745098,344.87,344.65,344.87,19457.25,4.069,,25882.049,6424.799,7586.115,8238.706,2972.027,421.117,186.753,,,,,678550.75,1340364.375,666386.688,100.0,100.0,6767.443,2177.692,34452.648,23246.703,7.204,0.882,0.597,100.0,82129.477,23105.615,32752.219,15988.612,72534.719,88.772,71846.446,151.0,119.0,46.0,53.0,6.0,1.0,7.0,20.0,15726.0,8613.0,66250550.0,28616467.0,28383283.0,2.5273108849868087,2.2173944117852,1.1397660567531143,71.8320243,79.8806095,64.54340309999999,35424287151.361,5.310384825327511,1340.364375
1985,0.046,0.1167,0.403356862745098,346.35,346.12,346.35,20144.863,4.137,,26932.607,6787.743,8144.824,8247.613,3089.7,425.741,181.449,,,,,698695.625,1367297.0,673174.375,100.0,100.0,6857.225,2176.914,35584.656,23965.072,7.308,0.899,0.609,100.0,84332.883,24276.461,32465.682,16410.34,73943.641,88.141,73152.483,171.0,135.0,57.0,49.0,3.0,8.0,12.0,21.0,60231.0,22425.0,27998412.0,47484370.0,28766033.0,2.573444642455037,2.18821523486319,1.1760473108194645,69.7531144,77.9047038,62.4385823,36547551889.287,5.498052128820961,1367.297
1986,0.0923,0.1792,0.44965686274509803,347.61,347.42,347.61,20438.045,4.122,,27381.361,6943.316,8261.466,8490.594,3014.606,441.784,169.67,,,,,719133.688,1394678.375,680117.75,100.0,100.0,6942.08,2184.726,36097.883,24304.691,7.281,0.915,0.621,100.0,86200.781,24852.248,34069.391,16834.781,75395.406,87.925,75756.42,168.0,121.0,49.0,53.0,3.0,2.0,5.0,23.0,10349.0,4376.0,32401807.0,39201584.0,30836212.0,2.5504110467305225,2.15390963795259,1.1840845139422047,68.12566559999999,76.37934010000001,60.78744699999999,37851441974.295,5.57806905021834,1394.678375
1987,0.2382,0.3208,0.595556862745098,349.31,349.19,349.31,21106.189,4.18,,27604.137,6497.945,8549.229,8579.333,3281.567,458.382,163.009,,,,,740239.875,1422282.625,686615.688,100.0,100.0,7003.95,2231.983,36294.992,24910.322,7.187,0.932,0.633,100.0,89321.43,25321.213,34148.086,17678.574,78018.578,87.802,77147.87299999999,222.0,164.0,66.0,57.0,15.0,5.0,7.0,18.0,21524.0,13650.0,374242515.0,39629497.0,34433477.0,2.556157997535481,2.12251271645102,1.2043075067222893,66.322487,74.5704139,59.04727870000001,39313507088.214,5.760422762008734,1422.282625
1988,0.2776,0.3875,0.6349568627450981,351.69,351.57,351.69,21918.756,4.263,,28075.438,6156.68,8836.429,8889.34,3435.978,481.928,185.629,,,,,762158.562,1450358.0,692772.312,100.0,100.0,7115.852,2229.207,36855.246,25811.611,7.168,0.949,0.645,100.0,92666.555,25936.246,35607.57,18457.764,80713.859,87.56,80001.58,230.0,171.0,75.0,60.0,15.0,6.0,0.0,22.0,57454.0,15035.0,206532826.0,67801488.0,30697489.0,2.6166806919566947,2.07529136578485,1.2608738874442809,64.5467006,72.7827188,57.360105100000006,40808619339.025,5.982193231441048,1450.358
1989,0.1749,0.2708,0.5322568627450981,353.2,353.12,353.2,22200.213,4.241,,28181.033,5980.82,8827.798,9037.386,3604.958,492.073,150.973,,,,,784358.812,1478539.0,698753.125,100.0,100.0,7274.316,2249.944,37119.141,26165.598,7.091,0.966,0.658,100.0,94454.031,26394.402,36037.48,19096.994,82335.383,87.621,81528.87599999999,187.0,147.0,46.0,72.0,7.0,5.0,2.0,23.0,12628.0,10053.0,172735508.0,67413082.0,50525119.0,2.645711577012022,2.06228328235603,1.282904050887452,63.5743437,71.8383787,56.4036784,41656739954.856,6.059010098253275,1478.539
1990,0.355,0.4467,0.712356862745098,354.45,354.39,354.45,22732.145,4.267,0.528,28561.215,5829.07,8659.787,9196.439,3790.182,492.522,256.788,22732.143,4.267,-0.002,-0.0,807091.0,1507100.25,704582.25,100.0,100.0,7320.985,2266.202,37574.773,26666.188,7.053,0.983,0.67,100.0,95856.289,26344.895,36726.777,19697.164,83316.875,87.376,82768.83600000001,292.0,229.0,60.0,135.0,12.0,13.0,4.0,45.0,53152.0,7994.0,84383386.0,112503951.0,91036384.0,2.5990353938726507,2.05110699511945,1.2671378919076288,62.6811227,71.0306149,55.4894903,42131232195.713,6.204188045851528,1507.10025
1991,0.3338,0.4042,0.691156862745098,355.7,355.61,355.7,23205.592,4.282,,28925.889,5720.298,8574.09,9656.487,3851.52,504.694,272.16,23205.592,4.282,0.0,0.0,830296.562,1536026.125,710302.562,100.0,100.0,7265.909,2263.283,37889.742,27100.34,6.992,1.0,0.683,100.0,96516.406,25628.758,36627.707,19959.688,83536.398,87.017,82216.153,267.0,181.0,75.0,66.0,15.0,8.0,8.0,42.0,189707.0,155802.0,285706508.0,86678528.0,81849315.0,2.503485483495689,2.00557063119747,1.2482659271894743,61.6091396,69.99980839999999,54.3542372,41176239797.864,6.333403930131005,1536.026125
1992,0.12,0.2217,0.47735686274509803,356.54,356.45,356.54,22520.424,4.09,,28488.322,5967.898,8361.174,9154.655,3901.366,525.922,239.794,22520.424,4.09,0.0,0.0,852816.938,1564514.5,716270.438,100.0,100.0,7268.79,2271.714,37455.109,26432.863,6.803,1.017,0.696,100.0,97104.883,25572.383,37157.996,20018.34,84052.555,87.023,82748.719,231.0,168.0,58.0,76.0,11.0,7.0,8.0,34.0,18827.0,7795.0,68609485.0,119314576.0,113529297.0,2.4166335333573343,2.00101331307033,1.2077048751111414,60.1198509,68.4920136,52.8812806,47088951358.747,6.1464039301310045,1564.5145
1993,0.1611,0.23,0.5184568627450981,357.21,357.1,357.21,22749.873,4.069,,28483.164,5733.292,8470.028,9172.321,4007.804,549.567,232.44,22749.873,4.069,0.0,0.0,875566.875,1592997.625,722003.75,100.0,100.0,7261.674,2256.92,37427.73,26668.346,6.694,1.033,0.708,100.0,97894.812,24802.193,37105.156,20246.297,84220.555,86.514,82153.64600000001,262.0,227.0,84.0,107.0,6.0,3.0,2.0,28.0,21870.0,10926.0,171864862.0,107553465.0,103817972.0,2.399086160976147,1.96290904098544,1.2222095425123383,58.1092963,66.3660057,50.9784962,48213081969.5218,6.209026473799127,1592.997625
1994,0.2274,0.3125,0.5847568627450981,358.96,358.83,358.96,22974.598,4.048,,29643.506,6668.908,8513.747,9196.235,4040.174,586.744,312.927,22974.6,4.048,0.002,0.0,898541.438,1622641.125,728672.625,100.0,100.0,7336.296,2286.923,38666.152,26925.629,6.813,1.05,0.721,100.0,99137.25,25371.557,37619.203,20542.516,85272.977,86.496,83533.276,254.0,213.0,88.0,80.0,12.0,9.0,13.0,31.0,15590.0,11742.0,273924024.0,146183998.0,83418889.0,2.464304805368849,1.94943929896853,1.2641095348148261,56.2008977,64.3275453,49.2023326,49560859914.294,6.2703597161572056,1622.641125
1995,0.3711,0.4433,0.728456862745098,360.97,360.82,360.97,23516.639,4.084,,29794.719,6278.081,8758.441,9283.901,4196.848,620.204,324.364,23516.637,4.084,-0.002,-0.0,922058.125,1652435.875,734950.688,100.0,100.0,7426.246,2342.963,38933.977,27528.576,6.761,1.067,0.734,100.0,101315.359,26146.545,38135.516,20883.5,86770.078,86.138,85165.561,275.0,215.0,93.0,80.0,6.0,13.0,7.0,31.0,27158.0,14991.0,222760396.0,309823247.0,107085413.0,2.48206517217212,1.9120487617154,1.2981181347829895,54.0360964,62.0324969,47.2029372,50934078679.817,6.4182966703056765,1652.435875
1996,0.2708,0.3308,0.628156862745098,362.74,362.61,362.74,24233.477,4.148,,30775.305,6541.828,8976.964,9562.137,4381.599,633.559,348.548,24233.477,4.148,0.0,0.0,946291.562,1683211.125,741492.562,100.0,100.0,7512.808,2393.537,39997.945,28302.801,6.847,1.084,0.748,100.0,104245.836,26502.836,39151.238,21899.963,89353.367,86.204,87554.037,270.0,207.0,92.0,76.0,6.0,5.0,4.0,18.0,31595.0,14128.0,220007272.0,84152337.0,83008323.0,2.521692601723347,1.90712042257704,1.3222513753567027,53.0421358,61.0120352,46.2224307,52209401027.319,6.613940229257642,1683.211125
1997,0.4151,0.4633,0.7724568627450981,363.88,363.73,363.88,24380.322,4.115,,32399.938,8019.617,8927.3,9702.211,4395.058,658.829,350.78,24380.322,4.115,0.0,0.0,970671.938,1715611.125,749512.188,100.0,100.0,7485.23,2350.142,41519.98,28417.307,7.008,1.102,0.762,100.0,105269.266,26894.83,40023.195,21882.971,90245.734,86.22,88800.996,322.0,233.0,95.0,79.0,18.0,13.0,15.0,26.0,30024.0,16238.0,70394749.0,76427478.0,66993443.0,2.4845603158096106,1.88912231375134,1.3151929325718856,51.7500764,59.6143703,44.9995846,53318894948.303,6.654018013100437,1715.611125
1998,0.572,0.6075,0.929356862745098,366.84,366.7,366.84,24295.713,4.045,,31087.949,6792.238,8689.001,9821.975,4443.504,656.596,334.982,24295.715,4.045,0.002,0.0,994967.625,1746699.0,756304.375,100.0,100.0,7419.233,2378.566,40128.703,28197.176,6.68,1.119,0.776,100.0,105852.398,26412.434,41034.703,22023.701,90618.578,86.101,89470.838,362.0,254.0,94.0,88.0,20.0,12.0,18.0,34.0,62672.0,40168.0,343760968.0,161554273.0,159270436.0,2.4527498495870126,1.87056560345851,1.311234337385492,50.4664511,58.1777225,43.8092504,54255607358.261,6.630926037117904,1746.699
1999,0.318,0.3808,0.6753568627450981,368.54,368.38,368.54,24837.771,4.079,,31399.629,6561.857,8809.093,10064.188,4586.166,688.047,328.418,24837.771,4.079,0.0,0.0,1019805.375,1778098.625,762866.25,100.0,100.0,7436.038,2398.701,40450.992,28691.545,6.643,1.136,0.79,100.0,107613.984,26421.254,40104.688,23102.75,92016.5,85.997,89628.69200000001,413.0,298.0,122.0,106.0,23.0,8.0,21.0,38.0,76886.0,48724.0,281998861.0,205327614.0,129024797.0,2.521079199542041,1.85058095661083,1.3623177038194358,48.6643792,56.1624015,42.2015856,55321929112.076,6.778867631004367,1778.098625
2000,0.3255,0.3925,0.682856862745098,369.71,369.55,369.71,25511.482,4.134,0.426,31657.244,6145.762,9156.638,10211.624,4727.823,718.165,345.576,25511.482,4.134,0.0,0.0,1045316.812,1809755.875,769012.0,100.0,100.0,7544.741,2390.251,40795.379,29457.48,6.61,1.154,0.804,100.0,110416.398,26812.115,41796.285,24011.674,94467.258,86.045,92620.07400000001,502.0,352.0,147.0,95.0,27.0,28.0,27.0,35.0,16579.0,9371.0,174227226.0,82618808.0,81031389.0,2.574025518125754,1.82593935552926,1.4096993475337283,47.2215375,54.5681729,40.8896736,56523812168.507,6.9627407205240175,1809.755875
2001,0.4835,0.5317,0.8408568627450981,371.32,371.14,371.32,25692.994,4.108,,31153.697,5460.704,9208.429,10283.57,4771.715,750.748,334.076,25692.994,4.108,0.0,0.0,1071009.875,1840909.5,774472.75,100.0,100.0,7523.762,2385.423,40260.363,29614.561,6.437,1.171,0.817,100.0,111493.289,27948.264,41854.5,24583.936,95595.227,86.207,94386.7,430.0,331.0,151.0,100.0,22.0,20.0,14.0,29.0,39423.0,9569.0,108969335.0,46587010.0,33887788.0,2.6083041837006933,1.81338112778184,1.4383651311576278,45.6713694,52.9140444,39.431147,57491987090.516,7.01228002183406,1840.9095
2002,0.5372,0.6275,0.894556862745098,373.45,373.28,373.45,26265.332,4.144,,32359.027,6093.696,9630.182,10269.353,4913.652,779.004,323.111,26265.332,4.144,0.0,0.0,1097275.125,1873268.625,780566.438,100.0,100.0,7480.677,2402.932,41423.414,30085.199,6.536,1.189,0.831,100.0,113894.43,28287.121,41349.258,25156.049,97731.234,86.292,94792.428,489.0,362.0,165.0,117.0,25.0,15.0,21.0,44.0,20882.0,10570.0,659390074.0,87481539.0,83963661.0,2.497956964266556,1.78781817689513,1.3972097367332457,44.4983943,51.6829678,38.3065339,58707813309.241,7.168485807860262,1873.268625
2003,0.5383,0.6158,0.895656862745098,375.98,375.8,375.98,27652.691,4.307,,34973.902,7321.209,10466.565,10540.85,5096.196,857.435,343.439,27652.691,4.307,0.0,0.0,1124927.875,1908242.5,787887.625,100.0,100.0,7668.747,2419.463,44206.871,31648.42,6.885,1.208,0.847,100.0,117849.602,30361.062,43184.227,26056.537,101858.211,86.886,99601.826,386.0,314.0,156.0,84.0,14.0,25.0,14.0,40.0,113104.0,80391.0,255105908.0,115673335.0,102003619.0,2.533070403013632,1.76282608884209,1.4369372106794018,43.5156567,50.6665223,37.3618957,61532949107.723,7.547131823144104,1908.2425
2004,0.4624,0.5333,0.819756862745098,377.7,377.52,377.7,28610.023,4.399,,35053.887,6443.865,10813.392,10924.574,5257.67,895.93,341.454,28610.023,4.399,0.0,0.0,1153537.875,1943296.375,794331.5,100.0,100.0,7809.036,2487.873,44421.227,32630.893,6.83,1.228,0.862,100.0,123841.742,32984.902,45349.148,26944.168,106903.773,86.773,105278.21800000001,393.0,299.0,125.0,124.0,11.0,16.0,8.0,48.0,244704.0,14179.0,162274848.0,220002193.0,157459430.0,2.633332588879062,1.75839041343746,1.4975812929571122,42.9278308,50.12129360000001,36.7731788,64868477524.092,7.8084123908296945,1943.296375
2005,0.6023,0.6792,0.959656862745098,379.98,379.8,379.98,29598.951,4.494,,35530.062,5931.112,11498.5,11030.305,5376.289,966.776,346.552,29598.951,4.494,0.0,0.0,1183136.875,1978826.5,800262.562,100.0,100.0,7929.648,2510.292,45006.918,33687.422,6.833,1.248,0.878,100.0,127936.719,35064.484,45735.105,27582.227,110657.062,86.96,108381.816,481.0,395.0,190.0,130.0,19.0,30.0,13.0,33.0,93488.0,13401.0,160684678.0,334211562.0,323750003.0,2.67178392839617,1.73317663983269,1.5415531613985332,42.2031513,49.44708,36.074307,67362982273.514,8.078316320960699,1978.8265
2006,0.5663,0.6417,0.9236568627450981,382.09,381.9,382.09,30594.152,4.586,,36627.895,6033.741,12136.238,11142.928,5531.006,1047.294,346.573,30594.152,4.586,0.0,0.0,1213731.0,2015454.25,806296.375,100.0,100.0,8057.693,2546.306,46217.527,34735.453,6.928,1.268,0.894,100.0,131481.203,36829.426,46100.176,28520.127,113695.703,86.931,111449.72899999999,458.0,364.0,225.0,76.0,9.0,24.0,10.0,37.0,29871.0,16790.0,126303472.0,51775662.0,46362369.0,2.682744932537009,1.71691753911831,1.5625356905111942,41.2951521,48.5931377,35.203315,70301417323.854,8.34993231441048,2015.45425
2007,0.5855,0.6658,0.9428568627450981,384.02,383.79,384.02,31499.256,4.662,,37092.461,5593.206,12724.451,11184.312,5736.637,1126.199,342.25,31499.254,4.662,-0.002,-0.0,1245230.25,2052546.75,811889.562,100.0,100.0,8108.338,2612.956,46734.879,35622.355,6.916,1.288,0.91,100.0,135617.984,38453.008,46004.738,29275.635,117667.508,87.204,113733.381,443.0,381.0,215.0,103.0,11.0,25.0,17.0,27.0,22391.0,16118.0,212851808.0,109690744.0,87688523.0,2.75642954935567,1.69991971003379,1.6215057294093493,40.1428042,47.3578765,34.1396352,73114110776.315,8.596958515283843,2052.54675
2008,0.4592,0.545,0.8165568627450981,385.83,385.6,385.83,32049.66,4.683,,38000.68,5951.02,13149.669,11143.34,5905.5,1137.397,333.686,32049.66,4.683,0.0,0.0,1277279.875,2090547.5,817840.562,100.0,100.0,8177.437,2582.949,47666.078,36193.508,6.964,1.309,0.927,100.0,137229.406,39718.609,46497.789,30327.17,118540.047,86.853,116543.56799999998,389.0,316.0,163.0,110.0,16.0,10.0,5.0,32.0,241993.0,147267.0,221831943.0,270125962.0,148705226.0,2.74202898891586,1.69747439731958,1.6153580833064098,38.7193914,45.7816396,32.8353591,74463757064.013,8.747177947598253,2090.5475
2009,0.59,0.6567,0.947356862745098,387.64,387.43,387.64,31513.014,4.546,,38047.828,6534.817,13003.172,10899.597,5765.684,1170.606,328.636,31513.012,4.546,-0.002,-0.0,1308793.0,2128595.5,824375.375,100.0,100.0,8124.256,2552.738,47682.02,35619.578,6.878,1.33,0.943,100.0,135033.219,39704.273,45339.039,29408.004,116256.578,86.565,114451.316,387.0,317.0,151.0,86.0,18.0,25.0,9.0,25.0,16038.0,9208.0,201811795.0,66414076.0,57845325.0,2.613876272342082,1.66954654457083,1.5656204858990617,36.877125,43.7304842,31.1678583,74852465298.2302,8.600713427947598,2128.5955
2010,0.6736,0.725,1.030956862745098,390.1,389.9,390.1,33317.672,4.745,0.371,39835.5,6517.829,13918.224,11253.694,6205.78,1251.813,339.741,33317.676,4.745,0.004,0.0,1342110.5,2168430.75,830893.25,100.0,100.0,8257.109,2617.387,49602.09,37505.77,7.064,1.351,0.961,100.0,141602.047,41832.457,46236.66,31447.281,121801.43,86.51,119516.398,429.0,359.0,184.0,92.0,17.0,27.0,7.0,28.0,330148.0,90958.0,259962169.0,185057916.0,118961936.0,2.7538365654681507,1.65942447620893,1.659513045004302,35.1531515,41.8612842,29.5962132,79166602108.4249,9.093251091703056,2168.43075
2011,0.5326,0.6075,0.889956862745098,391.85,391.65,391.85,34479.988,4.849,,40872.547,6392.556,14704.223,11310.148,6389.33,1344.747,356.251,34479.988,4.849,0.0,0.0,1376590.625,2209303.5,837285.75,100.0,100.0,8498.255,2703.093,50934.176,38830.555,7.163,1.374,0.979,100.0,144913.297,44787.504,46622.32,32640.678,124911.508,86.683,124050.502,353.0,290.0,153.0,82.0,16.0,15.0,8.0,36.0,34124.0,10001.0,212774526.0,493201844.0,181097721.0,2.79651739048731,1.64959244207045,1.6952777662931835,33.4410414,40.0057175,28.0500189,84201582744.05899,9.410477074235807,2209.3035
2012,0.5715,0.6467,0.928856862745098,394.06,393.85,394.06,34954.734,4.854,,41636.855,6682.122,14867.802,11432.716,6523.143,1377.354,374.059,34954.734,4.854,0.0,0.0,1411545.25,2250940.25,843967.875,100.0,100.0,8568.392,2717.485,51787.148,39379.574,7.191,1.397,0.997,100.0,147002.422,45246.113,47892.43,33416.98,126707.328,86.681,126555.52300000002,371.0,318.0,136.0,91.0,21.0,51.0,6.0,29.0,11616.0,9005.0,123480831.0,208030033.0,183429875.0,2.770147284749966,1.61766039428314,1.7124405682056314,32.3710899,38.8422426,27.0858778,87155724199.983,9.54004748908297,2250.94025
2013,0.6186,0.6775,0.9759568627450981,396.74,396.52,396.74,35275.82,4.838,,41595.344,6319.521,14953.153,11516.626,6573.116,1441.334,382.017,35275.816,4.838,-0.004,-0.0,1446821.125,2292535.5,850287.438,100.0,100.0,8520.598,2700.372,51689.281,39676.91,7.089,1.42,1.015,100.0,149599.734,45969.586,47965.855,33702.988,128401.547,86.35,127638.429,352.0,296.0,148.0,105.0,9.0,14.0,10.0,33.0,22201.0,20501.0,99385790.0,157783712.0,145805473.0,2.7866034573901395,1.62108816969612,1.718970941545086,31.7382643,38.1353535,26.500441,90327218264.589,9.627680131004366,2292.5355
2014,0.6679,0.7492,1.0252568627450982,398.81,398.65,398.81,35465.695,4.805,,41875.609,6409.911,15014.883,11561.832,6604.976,1492.451,383.772,35465.695,4.805,0.0,0.0,1482286.875,2334411.25,856697.312,100.0,100.0,8601.788,2733.968,52086.367,39923.324,7.056,1.443,1.033,100.0,151239.172,45840.074,49090.754,34451.488,129225.125,85.966,129382.316,342.0,289.0,136.0,99.0,18.0,17.0,4.0,31.0,20889.0,7093.0,142763712.0,126225432.0,116744697.0,2.740677447187331,1.60754409974315,1.7048847665362528,31.6690208,38.071988000000005,26.3834578,91743938407.672,9.679501910480349,2334.41125
2015,0.818,0.8967,1.1753568627450979,401.01,400.83,401.01,35403.527,4.739,0.331,41916.152,6512.625,14655.017,11770.022,6728.989,1440.666,381.194,35403.531,4.739,0.004,0.0,1517690.375,2376327.25,863210.0,100.0,100.0,8616.349,2741.356,52119.312,39824.973,6.977,1.466,1.052,100.0,152357.625,44567.742,50735.289,35151.949,129769.422,85.694,130454.97999999998,401.0,355.0,161.0,120.0,29.0,12.0,13.0,30.0,24340.0,13331.0,431876955.0,112649041.0,104128479.0,2.6877657756073714,1.5899568005391,1.690464655829669,31.6275314,38.0687196,26.2812118,91565211490.41699,9.662534661572053,2376.32725
2016,0.9248,1.0117,1.282156862745098,404.41,404.24,404.41,35392.832,4.682,0.321,40769.383,5376.553,14322.989,11900.264,6914.85,1476.147,371.508,35392.832,4.682,0.0,0.0,1553083.125,2417096.75,868586.5,100.0,100.0,8652.835,2759.229,51013.094,39812.508,6.749,1.488,1.07,100.0,154221.484,42191.59,50937.781,35535.949,130666.328,85.283,128665.32,349.0,294.0,159.0,86.0,14.0,12.0,10.0,30.0,10729.0,7045.0,205470848.0,236174215.0,146042981.0,2.640941982852164,1.57863383346267,1.672928786189362,31.1454081,37.5621374,25.7702126,92695820822.125,9.659615720524018,2417.09675
2017,0.8365,0.9142,1.193856862745098,406.76,406.55,406.76,35974.609,4.705,0.314,41282.379,5307.768,14494.168,12085.292,7084.615,1499.947,384.212,35974.605,4.705,-0.004,-0.0,1589057.75,2458379.0,873894.312,100.0,100.0,8797.017,2814.724,51702.664,40479.066,6.762,1.511,1.088,100.0,157625.312,43193.328,51008.156,36843.316,133092.719,84.997,131044.79999999999,368.0,318.0,127.0,130.0,11.0,10.0,15.0,25.0,11906.0,8749.0,104234119.0,406049351.0,394099267.0,2.7127608949130533,1.57607833344067,1.721209433157386,30.8852702,37.343040300000006,25.465451700000003,93461750738.895,9.818397652838428,2458.379
2018,0.7532,0.8492,1.110556862745098,408.72,408.52,408.72,36734.004,4.752,0.309,41616.027,4882.023,14762.694,12142.828,7419.413,1546.849,404.041,36734.004,4.752,0.0,0.0,1625791.75,2499995.25,878776.312,100.0,100.0,8935.43,2814.039,52139.289,41362.039,6.745,1.534,1.106,100.0,161806.125,45150.984,52229.098,38559.543,136007.172,84.619,135939.625,334.0,287.0,127.0,95.0,16.0,27.0,10.0,30.0,15986.0,6702.0,84121984.0,162100646.0,152414320.0,2.7181095786562017,1.55402364144679,1.7490786537363434,30.8975673,37.4378072,25.400315000000003,94201013949.213,10.025656113537119,2499.99525
2019,0.8873,0.9775,1.244656862745098,411.65,,411.65,37086.566,4.748,0.304,41973.746,4887.178,14702.956,12325.908,7574.056,1615.727,432.392,37086.566,4.748,0.0,0.0,1662878.375,2541969.0,883663.5,100.0,100.0,9008.441,2819.104,52571.34,41798.785,6.73,1.558,1.124,100.0,163694.609,45802.574,52156.902,39725.438,136678.062,84.092,137684.914,437.0,363.0,195.0,92.0,16.0,21.0,14.0,35.0,22669.0,11654.0,109240064.0,120350467.0,117479026.0,2.685962924643325,1.54325142596092,1.7404571150620418,,,,96182257155.953,10.121879366812227,2541.969
2020,0.9162,1.0067,1.2735568627450982,414.21,,414.21,35158.23,4.458,0.296,39674.77,4516.54,14267.035,10932.342,7520.82,1624.052,400.001,35158.23,4.458,0.0,0.0,1698036.625,2581643.75,888180.062,100.0,100.0,8903.343,2852.967,50601.266,40091.508,6.416,1.581,1.142,100.0,157993.891,43486.125,48711.66,38669.66,130121.617,82.985,130867.445,406.0,371.0,201.0,126.0,11.0,5.0,9.0,20.0,15749.0,15305.0,103460577.0,205883090.0,188312993.0,2.51750028030611,1.52532267952271,1.6504706276929306,,,,95798301948.974,9.595586790393014,2581.64375
2021,0.7673,0.8475,1.124656862745098,416.41,,416.41,36866.863,4.635,0.293,41523.965,4657.103,14969.249,11513.166,7878.698,1666.885,402.216,36866.863,4.635,0.0,0.0,1734903.5,2623167.5,892837.125,100.0,100.0,9089.303,2895.432,52639.844,41943.742,6.618,1.605,1.16,100.0,166043.5,45359.484,49280.457,40465.746,136714.719,82.95,135105.68699999998,438.0,394.0,222.0,119.0,17.0,3.0,19.0,37.0,14619.0,7728.0,119488215.0,289682339.0,275456584.0,2.6554771973251787,1.51716610949777,1.7502877112145787,,,,99180891178.069,10.06191675764192,2623.1675
2022,0.8018,0.8908,1.1591568627450979,418.53,,418.53,37527.773,4.678,0.288,42313.164,4785.392,15449.177,11914.912,7758.746,1578.739,398.871,37527.773,4.678,0.0,0.0,1772431.25,2665480.75,897622.562,100.0,100.0,9278.556,2881.229,53515.586,42687.125,6.672,1.629,1.179,100.0,169061.531,48548.547,51482.996,40503.566,138548.688,82.573,140535.109,436.0,382.0,177.0,109.0,23.0,40.0,15.0,36.0,80333.0,74528.0,186243051.0,234112011.0,220979393.0,2.6809078818875185,1.50432217514506,1.7821367830524746,,,,99732528386.097,10.242296124454148,2665.48075
2023,1.1098,1.1675,1.467156862745098,421.08,,421.08,38094.039,4.708,,42839.594,4745.551,15636.373,12278.241,7802.845,1540.286,411.343,38094.039,4.708,0.0,0.0,1810525.375,2708320.25,902368.062,100.0,100.0,9416.93,2911.154,54092.184,43274.887,6.685,1.654,1.197,100.0,172238.781,50074.297,52501.914,40642.184,140308.984,82.148,143218.395,454.0,401.0,163.0,139.0,13.0,45.0,16.0,36.0,139656.0,72400.0,118503603.0,203160285.0,151222180.0,2.6466291571355924,1.49137953790965,1.7746181235966034,,,,101737438854.411,10.396844705240174,2708.32025
2024,1.169,1.2842,1.526356862745098,424.61,,424.61,38598.578,4.729,,43184.086,4585.508,15805.254,12470.596,8009.828,1472.818,415.708,38598.578,4.729,0.0,0.0,1849123.875,2751504.25,906953.562,100.0,100.0,9498.914,2935.779,54433.398,43714.777,6.669,1.678,1.216,100.0,176737.094,50618.328,52831.051,41244.516,142420.891,81.257,144693.89500000002,404.0,372.0,141.0,147.0,12.0,18.0,21.0,21.0,20107.0,16125.0,167559670.0,0.0,0.0,2.638158154589961,1.47804723524233,1.7848943468693865,,,,104265902043.036,10.534546397379913,2751.50425
2025,1.048,1.1925,1.405356862745098,427.35,,427.35,,,,,,,,,,,,,,,,,,,,,,,,,,,,,,,,,,,63.0,56.0,22.0,20.0,1.0,0.0,8.0,6.0,4175.0,593.0,21597396.0,0.0,0.0,,,,,,,,,
