year,us_ltrate,us_strate,us_policy_rate,us_infl,us_real_ltrate,us_real_strate,us_reer,us_debt_gdp,share_bank_onset,share_bank_onset_gdpw,share_currency_onset,share_currency_onset_gdpw,share_sovdebt_onset,share_sovdebt_onset_gdpw,share_bank_active_lv,share_bank_active_lv_gdpw,world_debt_gdp_gdpw,world_debt_gdp_median,world_r_minus_g_median,world_r_minus_g_eff_median,n_countries_debt,usd_index_major,usd_index_broad
1950,0.0218,0.0121833,0.0175,0.0108505,0.0108319,0.00131848,,0.874469,0,0,0.185714,0.124573,0,0,,,0.736334,0.200441,,,44,,
1951,0.0251,0.015525,0.0175,0.0786011,-0.0496023,-0.0584796,,0.751754,0,0,0.0571429,0.0216193,0.0149254,0.0110035,,,0.631736,0.161287,-0.114088,,45,,
1952,0.0252,0.017675,0.0175,0.0227929,0.00235342,-0.00500389,,0.722543,0,0,0.0142857,0,0,0,,,0.598669,0.176293,-0.0383669,,46,,
1953,0.0285222,0.0194,0.02,0.0081607,0.0201967,0.0111483,,0.700368,0,0,0.0142857,0,0,0,,,0.586433,0.175656,-0.0389258,,48,,
1954,0.0240167,0.0095,0.0144,0.00311333,0.0208385,0.00636685,,0.711778,0,0,0.0571429,0.0173753,0,0,,,0.588077,0.176744,-0.0326355,,47,,
1955,0.0281667,0.0174667,0.025,-0.0027933,0.0310467,0.0203167,,0.660821,0,0,0.0285714,0.0375379,0,0,,,0.555639,0.169535,-0.021156,,48,,
1956,0.031825,0.0265917,0.03,0.0152505,0.0163255,0.0111708,,0.622716,0,0,0.0428571,0.0013446,0.0447761,0.0203616,,,0.525375,0.176549,-0.0244618,,46,,
1957,0.036475,0.0326417,0.03,0.0334151,0.00296098,-0.000748402,,0.586188,0,0,0.114286,0.0927066,0,0,,,0.493282,0.186909,-0.0180943,,47,,
1958,0.0331583,0.0183833,0.0238,0.0272916,0.00571087,-0.00867161,,0.5906,0,0,0.0714286,0.0177468,0.0149254,0.0308578,,,0.496616,0.203259,-0.00180421,,45,,
1959,0.0433333,0.0341333,0.04,0.0101068,0.032894,0.0237861,,0.561104,0,0,0.0571429,0.0199385,0,0,,,0.476015,0.190031,-0.014121,,46,,
1960,0.0411667,0.0294667,0.03,0.0145798,0.0262048,0.014673,138.848,0.617242,0,0,0.0428571,0.00185604,0,0,,,0.499094,0.198773,-0.0442839,,47,,
1961,0.038825,0.0237583,0.025,0.0107036,0.0278236,0.0129165,141.491,0.622511,0,0,0.0142857,0.00817948,0.0298507,0.0117596,,,0.494037,0.19104,-0.0221957,,48,,
1962,0.0394583,0.0277833,0.03,0.0117608,0.0273756,0.0158363,141.726,0.601611,0,0,0.114286,0.068813,0.0149254,0.000392945,,,0.466601,0.196751,-0.0315664,,48,,
1963,0.040025,0.0315667,0.0325,0.0125606,0.0271237,0.0187703,139.255,0.588083,0,0,0.0714286,0.015223,0.0298507,0.00920955,,,0.45212,0.20404,-0.0319088,,51,,
1964,0.0418667,0.035525,0.04,0.0132209,0.028272,0.0220131,138.834,0.567002,0,0,0.0142857,5.00147e-14,0,0,,,0.427907,0.197213,-0.0469549,,54,,
1965,0.042825,0.0394833,0.0463,0.0157869,0.0266179,0.0233281,135.759,0.537099,0.0135135,0.00118639,0.0285714,0.000478721,0.0447761,0.00423821,,,0.410097,0.179296,-0.0266845,,56,,
1966,0.0492333,0.0488167,0.05,0.0298938,0.0187782,0.0183737,135.031,0.506481,0,0,0.0285714,0.00471629,0.0298507,0.00531251,,,0.394307,0.187513,-0.0284112,,56,,
1967,0.0507333,0.0433167,0.045,0.0278455,0.0222678,0.015052,134.541,0.504419,0,0,0.171429,0.130675,0,0,,,0.392688,0.182466,-0.0256916,,55,,
1968,0.0564583,0.0534667,0.04,0.0424469,0.0134409,0.010571,137.112,0.484827,0,0,0.0714286,0.0221564,0.0149254,0.000232742,,,0.380959,0.184289,-0.0287573,,58,,
1969,0.0667083,0.0668833,0.05,0.0543713,0.0117009,0.0118669,139.014,0.459137,0,0,0.0142857,0.359996,0.0298507,0.0234529,,,0.36115,0.213303,-0.038004,,58,,
1970,0.0734833,0.0643667,0.03,0.0588369,0.0138326,0.00522249,139.89,0.463631,0,0,0,0,0,0,0,0,0.358874,0.191269,-0.0263064,,106,,
1971,0.0615917,0.0434,0.03,0.0422656,0.0185424,0.00108839,140.3,0.469911,0.00617284,0.00226684,0.0125,0.00206047,0,0,0,0,0.35938,0.197167,-0.0266837,,108,,
1972,0.0621,0.0406917,0.055,0.0327295,0.0284397,0.00770981,131.151,0.454319,0,0,0.025,0.0126256,0,0,0,0,0.350858,0.203056,-0.0337642,-0.0829645,112,,
1973,0.068425,0.0702667,0.0983,0.0625872,0.00549395,0.00722714,119.796,0.425922,0.00617284,0.0401414,0.00625,0.000262027,0,0,0,0,0.318944,0.206356,-0.0603544,-0.109169,117,100.173,
1974,0.075575,0.07875,0.0387,0.110111,-0.0311101,-0.0282501,113.957,0.414429,0,0,0.00625,0.0167088,0,0,0,0,0.306879,0.205957,-0.068777,-0.146023,118,102.025,
1975,0.079875,0.05825,0.0537,0.091416,-0.0105744,-0.0303881,112.718,0.446025,0.00617284,0.0182079,0.03125,0.0112273,0,0,0,0,0.330517,0.219356,-0.0497293,-0.113059,118,102.391,
1976,0.0761167,0.0499917,0.0417,0.0577489,0.017365,-0.00733371,115.602,0.447644,0.0123457,0.00168978,0.025,0.0269518,0.00625,0.00123753,0.00854701,0.00142414,0.339575,0.220212,-0.0473725,-0.118979,122,106.439,
1977,0.0741917,0.0526417,0.0653,0.0646956,0.00891909,-0.0113214,113.628,0.43577,0,0,0.00625,0.015387,0.00625,1.02612e-07,0.0042735,0.014587,0.352692,0.237494,-0.0277422,-0.113585,122,106.104,
1978,0.0841,0.0722333,0.1084,0.0762991,0.00724785,-0.00377759,104.227,0.425222,0,0,0.025,0.0140564,0.01875,0.0119507,0.0042735,0.0155436,0.370037,0.260065,-0.0242504,-0.082221,120,97.1267,
1979,0.094425,0.100425,0.1477,0.11253,-0.016274,-0.0108809,105.272,0.412283,0.00617284,0.00283282,0.025,0.00809072,0.0125,0.000682652,0.0042735,0.018631,0.365542,0.259301,-0.026798,-0.104022,119,95.594,
1980,0.1146,0.11615,0.22,0.135017,-0.0179884,-0.0166228,96.3065,0.418655,0.0185185,0.0300948,0.025,0.00448483,0.01875,0.00068684,0.017094,0.0384257,0.370583,0.29679,-0.019568,-0.130937,124,95.35,
1981,0.139108,0.140775,0.1313,0.103783,0.0320038,0.0335137,106.174,0.410501,0.0308642,0.0365307,0.0625,0.0556499,0.0375,0.0066526,0.025641,0.0565789,0.394054,0.326085,-0.0098174,-0.107532,128,104.758,
1982,0.130017,0.10725,0.112,0.0615836,0.0644632,0.0430173,118.762,0.459193,0.0432099,0.0454498,0.03125,0.051916,0.0625,0.044762,0.042735,0.0464236,0.422526,0.36291,0.0030921,-0.0590506,131,115.752,
1983,0.11105,0.0862,0.0992,0.0315953,0.0770212,0.0529323,124.326,0.48931,0.0432099,0.0117163,0.08125,0.0491671,0.05625,0.0451366,0.0683761,0.0378645,0.464993,0.404245,0.0169599,-0.0590859,131,120.455,
1984,0.124383,0.0957333,0.0874,0.043682,0.0773236,0.0498728,131.987,0.505839,0.0123457,0.335245,0.0625,0.0173694,0.025,0.00614352,0.0470085,0.0324585,0.480205,0.430296,0.0111146,-0.0602018,134,128.685,
1985,0.106233,0.0748917,0.0775,0.035279,0.0685364,0.0382628,136.655,0.554455,0.037037,0.0305532,0.0625,0.0215205,0.025,0.0081399,0.0425532,0.0257982,0.515461,0.477175,0.0194755,-0.025025,134,133.554,
1986,0.076825,0.059725,0.05875,0.0194393,0.0562915,0.0395175,114.746,0.588842,0.00617284,0.000267024,0.01875,0.00109667,0.01875,0.000484178,0.0170213,0.00517677,0.560426,0.495536,0.016877,-0.0321625,136,109.772,
1987,0.0838417,0.0582583,0.068125,0.0357821,0.0463993,0.0216997,103.293,0.606263,0.0493827,0.0108469,0.0375,0.0266569,0.00625,0.00361311,0.0255319,0.00277917,0.572911,0.535862,0.0203392,-0.0397146,135,97.1558,
1988,0.08845,0.0667167,0.086875,0.0410004,0.0455807,0.0247034,97.6627,0.612964,0.037037,0.00162643,0.03125,0.00655842,0.0125,0.000690031,0.0510638,0.248562,0.559698,0.503588,0.00541427,-0.084596,136,90.4271,
1989,0.08503,0.0811417,0.0825,0.0479109,0.035422,0.0317114,100.992,0.615702,0.0308642,0.0198256,0.05,0.00444414,0.03125,0.00543278,0.0508475,0.00644654,0.541097,0.509986,0.0057986,-0.0636612,136,94.2936,
1990,0.085613,0.0751,0.07,0.0541922,0.0298056,0.019833,96.2975,0.631423,0.0679012,0.325507,0.0625,0.00409402,0.05,0.0143232,0.0720339,0.0232662,0.509026,0.523012,0.0184287,-0.0737077,143,89.9118,
1991,0.078446,0.0540917,0.04,0.0421583,0.0348198,0.0114506,94.967,0.678799,0.0802469,0.0644244,0.0375,0.121807,0.01875,0.000599891,0.111111,0.0461379,0.536404,0.542807,0.0259472,-0.0787685,146,88.5887,
1992,0.069932,0.0346,0.03,0.0304162,0.0383494,0.00406034,92.6146,0.702739,0.0679012,0.0508223,0.05625,0.0141572,0.08125,0.0415651,0.106838,0.0398234,0.569059,0.538607,0.0349228,-0.0751658,151,86.9986,
1993,0.058468,0.0301917,0.03,0.0296965,0.0279417,0.000480889,95.3122,0.718761,0.0493827,0.0106949,0.05,0.015694,0.025,0.0151369,0.119658,0.053431,0.617315,0.573899,0.0263013,-0.0677112,157,89.9002,
1994,0.070724,0.0427,0.055,0.0259561,0.0436353,0.0163203,94.8042,0.710839,0.0555556,0.0394305,0.125,0.0033118,0.0375,0.0250359,0.123932,0.0881146,0.646426,0.559,0.0166446,-0.0663646,162,88.4258,
1995,0.065718,0.0551333,0.055,0.0280542,0.036636,0.0263402,91.6627,0.70665,0.116564,0.0723718,0.025,0.0124995,0.01875,0.000873089,0.128205,0.104076,0.665729,0.523774,0.0293227,-0.0711588,170,83.4143,
1996,0.064296,0.0502417,0.0525,0.0293667,0.0339328,0.0202794,94.3954,0.698998,0.0245399,0.00100966,0.0375,0.0134984,0.01875,0.00216304,0.0897436,0.0826815,0.661851,0.52804,0.0205821,-0.0635221,170,87.2463,
1997,0.063391,0.0507,0.055,0.0233757,0.0391013,0.0267002,99.0545,0.674298,0.0368098,0.166021,0.05625,0.0192384,0.01875,0.00123605,0.0897436,0.235946,0.653495,0.52775,0.00497249,-0.0407192,173,93.9341,
1998,0.052523,0.0481917,0.0475,0.0154701,0.0364885,0.0322231,106.199,0.642118,0.0613497,0.050991,0.0625,0.0474989,0.0125,0.0103547,0.111111,0.240985,0.68324,0.54823,0.00274235,-0.0211828,176,98.4502,
1999,0.056419,0.046575,0.055,0.0219314,0.0337475,0.0241147,105.15,0.605026,0,0,0.04375,0.0200255,0.01875,0.00852454,0.0643777,0.167974,0.693995,0.584647,0.00490332,-0.0133899,177,97.0442,
2000,0.060298,0.0583917,0.065,0.0336668,0.0257638,0.0239195,108.698,0.545224,0.0124224,0.00917124,0.025,0.0123452,0,0,0.0425532,0.168096,0.67477,0.549408,-0.00844209,-0.0312486,182,101.802,
2001,0.05005,0.0345167,0.0175,0.0281663,0.0212842,0.00617641,114.852,0.53146,0.0124224,0.134446,0.01875,0.0214555,0.0125,0.00892557,0.0340426,0.149513,0.682002,0.521799,0.00995434,-0.0127876,186,107.85,
2002,0.045939,0.016125,0.0125,0.0159567,0.0295114,0.000165657,114.572,0.55538,0.00621118,0.000382008,0.0375,0.0162533,0.025,0.000603461,0.0170213,0.00468054,0.697172,0.51904,0.00758804,-0.0153299,188,106.152,
2003,0.040028,0.0101333,0.01,0.02298,0.0166651,-0.0125581,107.363,0.58625,0.00621118,0.000535904,0.025,0.000960084,0.0125,0.000671433,0.012766,0.00422393,0.707434,0.496654,-0.00327122,-0.0296109,188,93.1252,
2004,0.042598,0.0137333,0.0225,0.0266757,0.0155086,-0.0126061,102.271,0.66105,0,0,0.00625,0.000113044,0.00625,1.33683e-05,0.00851064,0.000787538,0.723278,0.46804,-0.0158651,-0.0414522,188,85.4754,
2005,0.04285,0.0315167,0.0425,0.0336583,0.0088924,-0.00207189,100.85,0.65453,0,0,0.00625,8.31695e-05,0.00625,0.0040758,0.00425532,0.000348222,0.702548,0.43575,-0.0185839,-0.040938,190,83.8763,
2006,0.04792,0.0472167,0.0525,0.0322209,0.0152091,0.0145277,100.018,0.64189,0,0,0,0,0,0,0,0,0.662143,0.372735,-0.0241538,-0.0577693,192,82.6037,98.6005
2007,0.046319,0.0441,0.0425,0.0287055,0.017122,0.0149649,95.4382,0.64585,0.0124224,0.240197,0.00625,0.0677993,0.00625,2.68431e-05,0.00851064,0.280412,0.622972,0.34232,-0.028396,-0.0607497,192,77.9562,93.81
2008,0.036504,0.0146,0.00125,0.0381495,-0.00158506,-0.0226841,91.3892,0.73431,0.154321,0.301273,0.025,0.0235253,0.01875,0.00104145,0.102128,0.50467,0.639379,0.338955,-0.0213521,-0.0633929,192,74.4655,90.8801
2009,0.032498,0.0016,0.00125,-0.00320358,0.0358163,0.00481901,95.2605,0.86598,0.00617284,0.00444936,0.03125,0.00367814,0,0,0.102128,0.487916,0.731359,0.36599,0.0624937,0.0322972,193,77.6627,96.7509
2010,0.031975,0.00134167,0.00125,0.0163657,0.015358,-0.0147821,90.9874,0.95162,0,0,0.00625,3.34197e-14,0.0125,0.000549793,0.0635593,0.289651,0.747124,0.37311,-0.00910961,-0.0351618,193,75.3853,93.0541
2011,0.027636,0.000575,0.00125,0.0313965,-0.00364605,-0.0298833,86.4457,0.99498,0.00617284,0.000342084,0,0,0,0,0.0635593,0.26895,0.750671,0.36339,-0.0186483,-0.0343798,192,70.8683,88.7767
2012,0.017878,0.000875,0.00125,0.0207319,-0.00279594,-0.0194536,88.5942,1.03065,0,0,0.025,0.00298528,0.01875,0.00328957,0.0550847,0.0486589,0.793003,0.37475,-0.00707398,-0.0201792,194,73.5943,91.6361
2013,0.023355,0.000591667,0.00125,0.0146597,0.00856965,-0.0138648,88.7635,1.04343,0,0,0.01875,0.035688,0.00625,0.000317096,0.00423729,0.000307255,0.779646,0.40056,-0.00914949,-0.0191975,194,75.921,92.7611
2014,0.025302,0.00035,0.00125,0.0161546,0.00900195,-0.0155534,90.2553,1.04242,0.0248447,0.00481371,0.01875,0.0289237,0.00625,0.00729344,0.0211864,0.00486675,0.784761,0.415266,-0.00867641,-0.0197251,194,78.3729,95.5876
2015,0.021316,0.000525,0.00375,0.00121137,0.0200803,-0.000685542,100,1.04661,0,0,0.08125,0.0357441,0.0125,0.0012565,0.0337553,0.00510721,0.797648,0.44695,-0.0106749,-0.0110867,194,90.9802,108.17
2016,0.018329,0.003175,0.00625,0.0126736,0.00558461,-0.00937973,104.242,1.06582,0.00625,0.0251313,0.025,0.00960407,0,0,0.0421941,0.00532659,0.83669,0.47524,-0.0137105,-0.0145747,193,91.4923,113.066
2017,0.023266,0.00930833,0.01375,0.0213144,0.00191082,-0.0117556,104.033,1.05529,0,0,0,0,0.0129032,3.03617e-05,0.0470085,0.00683489,0.824388,0.49394,-0.027431,-0.0265823,193,91.0794,112.81
2018,0.029121,0.0193917,0.02375,0.02439,0.00461837,-0.00487931,103.005,1.06847,0,0,0,0,0,0,0.0470085,0.00677038,0.825243,0.493377,-0.0225055,-0.0289193,192,89.0155,112.004
2019,0.021393,0.0207167,0.01625,0.0181326,0.00320234,0.00253806,105.956,1.08004,0,0,0,0,0,0,0.034188,0.00332798,0.838018,0.48836,-0.0203741,-0.01653,191,92.0268,115.733
2020,0.008828,0.00381667,0.00125,0.0124919,-0.00361869,-0.00856819,107.372,1.31831,0,0,,,0,0,0.0213675,0.00232849,0.987668,0.56999,0.0484783,0.0471301,191,,117.774
2021,0.014377,0.000438889,0.00125,0.0468219,-0.0309937,-0.0443084,105.208,1.24524,,,,,,,0.00854701,0.00244833,0.940303,0.56895,-0.0725053,-0.0725689,191,,113.105
2022,0.029399,0.022275,0.04375,0.0799169,-0.0467794,-0.0533762,115.344,1.18617,,,,,,,0.00429185,0.0041821,0.903515,0.541695,-0.0800884,-0.100666,187,,120.698
2023,0.039582,0.051775,0.05375,0.0412827,-0.00163327,0.0100763,116.056,1.18725,,,,,,,0.00436681,0.00138325,0.914691,0.560883,-0.0305089,-0.0542463,157,,120.266
2024,0.042081,0.0507417,0.04375,0.0292693,0.0124474,0.0208618,118.827,1.21005,,,,,,,0,0,0.947082,0.569174,-0.00743347,-0.0261281,150,,122.893
