year,cinc_share_usa,cinc_share_rus,cinc_share_chn,cinc_top1_iso,cinc_top1_share,cinc_top2_share,cinc_lead_ratio,cinc_hhi,cinc_con,chn_usa_cinc_ratio,n_poles_10pct,gdp_share_usa,gdp_share_chn,gdp_share_rus,chn_usa_gdp_ratio,cold_war,bipolar,n_states,share_democracies_row,mean_polyarchy,coups_world,coups_success_world,dem_transitions_world,dem_breakdowns_world,mid_onsets_world,states_in_interstate_conflict,states_sanctioned,n_major_powers,mean_oda_gni
1946,0.3627007780866819,0.1221076364929282,0.13224109260774322,USA,0.3627007780866819,0.13224109260774322,2.742723694536719,0.1805237284089942,0.40977603779839045,0.3646010722815128,4.0,0.3145547868301074,0.06369832479790943,0.08220024346559793,0.2025031169921862,0,0,151,0.11258278145695365,0.19727586206896552,,,5.0,0.0,18.0,4,0,4,
1947,0.3089785021019957,0.1447660568040612,0.1188492622599269,USA,0.3089785021019957,0.1447660568040612,2.1343297518989113,0.14534611027181052,0.364129210675156,0.3846522054168482,3.0,0.3017976465804531,0.062224993784067144,0.08594922787425018,0.20618117632497582,1,1,153,0.12418300653594772,0.2144013605442177,,,2.0,0.0,10.0,0,0,4,
1948,0.2938915264979091,0.16357201556027318,0.11475528270838538,USA,0.2938915264979091,0.16357201556027318,1.796710308247169,0.13868810981758845,0.35574844544247497,0.39046815699601944,3.0,0.2963162305918565,0.05964600848070837,0.0881841490294159,0.20129173606714876,1,1,155,0.13548387096774195,0.22134228187919466,,,2.0,0.0,23.0,8,0,4,
1949,0.2722037744061837,0.16732620961979214,0.10368373648364108,USA,0.2722037744061837,0.16732620961979214,1.6267850387856162,0.12523407511310733,0.33676833872261086,0.38090484494503646,3.0,0.28355680435379493,0.0574211367259872,0.0935421812744077,0.20250311699218693,1,1,155,0.14838709677419354,0.22945333333333331,,,1.0,0.0,35.0,10,1,4,
1950,0.2838466384248686,0.1802197956456858,0.11824687507212907,USA,0.2838466384248686,0.1802197956456858,1.5750025540086305,0.13682445098723378,0.3537794744485826,0.4165871955655654,3.0,0.27282329544570355,0.05286937856642868,0.09509004798572165,0.19378615920630055,1,1,155,0.15483870967741936,0.23742953020134225,2.0,1.0,1.0,0.0,46.0,4,8,5,
1951,0.31873597292405115,0.17274908393000324,0.10337680544045437,USA,0.31873597292405115,0.17274908393000324,1.8450805392010114,0.1512714218863422,0.37410565465497414,0.3243336624105718,3.0,0.27676442529906153,0.052834621928491615,0.09314586396336119,0.19090105916394584,1,1,156,0.15384615384615385,0.24104,6.0,4.0,0.0,0.0,40.0,4,11,5,
1952,0.31076875634317547,0.1698713205851766,0.09621267429908704,USA,0.31076875634317547,0.1698713205851766,1.8294362772516997,0.14427990506234223,0.3647196596414183,0.3095957117157601,2.0,0.2745545116715209,0.05411707885744396,0.09230975524556316,0.1971086853680629,1,1,156,0.16666666666666666,0.24727333333333334,5.0,3.0,2.0,0.0,28.0,4,9,5,
1953,0.31047828965059615,0.17274249555892762,0.09489241704587853,USA,0.31047828965059615,0.17274249555892762,1.797347483293031,0.14455661448745305,0.3654988257112005,0.3056330191481919,2.0,0.27515964330058007,0.05478143999270979,0.09223608674212588,0.19908966058975228,1,1,156,0.16666666666666666,0.2508,3.0,2.0,0.0,0.0,44.0,2,9,5,
1954,0.2796951536805444,0.18371001804591316,0.09393914642907404,USA,0.2796951536805444,0.18371001804591316,1.5224817713024361,0.1304158101971879,0.3459482662417485,0.3358626175424092,2.0,0.2644555671007869,0.05501870668281245,0.09479088443700716,0.2080451823570204,1,1,157,0.16560509554140126,0.25157333333333337,6.0,4.0,0.0,0.0,37.0,2,13,5,
1955,0.26524020075160853,0.1783704929935881,0.09093857522533261,USA,0.26524020075160853,0.1783704929935881,1.4870183756297806,0.12037360105093874,0.3313241503872993,0.34285366610204965,2.0,0.260849058257063,0.05481379627855869,0.096538502574284,0.210136071200765,1,1,157,0.17197452229299362,0.25462666666666667,7.0,3.0,1.0,0.0,46.0,0,11,5,
1956,0.2593418650912344,0.1693658996917797,0.09765883100044236,USA,0.2593418650912344,0.1693658996917797,1.5312519554597315,0.11553732749651426,0.324426999209747,0.3765640806434655,2.0,0.2578004772656434,0.055378195973965885,0.09743504411752854,0.21481029267801915,1,1,157,0.18471337579617833,0.26322666666666666,6.0,2.0,2.0,0.0,35.0,6,11,5,
1957,0.2545394988393127,0.16693275994510745,0.09933174885337853,USA,0.2545394988393127,0.16693275994510745,1.5248025547712325,0.11261413771982862,0.3202033845334007,0.39024100112684396,2.0,0.25504838382394324,0.058116712183220724,0.09610614595198597,0.22786543992899,1,1,157,0.18471337579617833,0.2731266666666667,8.0,6.0,0.0,0.0,29.0,2,16,5,
1958,0.23410730850611206,0.17068897144011957,0.10825048646072326,USA,0.23410730850611206,0.17068897144011957,1.3715432610023117,0.10572919806869455,0.30932379722572356,0.4623968689892356,3.0,0.24590542843700242,0.05884736305314778,0.09908192416697773,0.2393089222437546,1,1,157,0.17197452229299362,0.27538,11.0,5.0,0.0,2.0,66.0,2,18,5,
1959,0.228480173507581,0.17083886811345403,0.11671927393982585,USA,0.228480173507581,0.17083886811345403,1.3374015880030732,0.10511696999020731,0.3081360813815658,0.5108507760125326,3.0,0.2503679271585389,0.05597647675807577,0.09653750103287735,0.22357686702670243,1,1,157,0.18471337579617833,0.27779333333333334,6.0,0.0,2.0,0.0,55.0,0,16,5,
1960,0.2152831519919682,0.17166187901830476,0.1191834166666656,USA,0.2152831519919682,0.17166187901830476,1.254111589731649,0.1003040501451482,0.3030121326036436,0.5536123731183205,3.0,0.2451881834894079,0.048425474678322845,0.09596907571312505,0.1975032972191126,1,1,160,0.1875,0.28878666666666664,11.0,5.0,1.0,0.0,58.0,0,18,5,2.840633990007756
1961,0.21065485316129734,0.17375904260760192,0.10494351157488725,USA,0.21065485316129734,0.17375904260760192,1.2123389378762681,0.09617352960619154,0.29657532825554483,0.4981775164445537,3.0,0.24646361301799746,0.04049645211009005,0.09203918111345706,0.16431006433040032,1,1,159,0.18867924528301888,0.2938145695364238,11.0,4.0,0.0,0.0,54.0,2,20,5,3.32546400282934
1962,0.20991141619640513,0.17633719680477,0.10360899812260496,USA,0.20991141619640513,0.17633719680477,1.1903978287054573,0.09619191518200562,0.2973221589033585,0.49358438907230495,3.0,0.2485986285673168,0.03889398698431476,0.08910715750877787,0.15645294267495466,1,1,159,0.1949685534591195,0.29745033112582786,14.0,5.0,1.0,0.0,59.0,4,26,5,3.534858179980576
1963,0.20797011353070533,0.17128302255557054,0.10710457126766328,USA,0.20797011353070533,0.17128302255557054,1.2141898854174653,0.09463833593595805,0.29478840217191177,0.5149998211250196,3.0,0.2479125299248406,0.04012806569057746,0.0871888086958868,0.16186380616882515,1,1,160,0.2,0.3032715231788079,15.0,11.0,1.0,0.0,60.0,4,31,5,3.2629127484505784
1964,0.20298609663517705,0.1674965500477088,0.11003147166225165,USA,0.20298609663517705,0.1674965500477088,1.2118822541560386,0.09213236776513135,0.29080372102704277,0.5420640796892068,3.0,0.24699183875674086,0.04207085811091928,0.08686500914389247,0.17033298882540948,1,1,158,0.2088607594936709,0.30377483443708614,6.0,4.0,1.0,0.0,42.0,6,25,5,4.041875552879584
1965,0.20153887179775712,0.1645467936838465,0.10888964670437279,USA,0.20153887179775712,0.1645467936838465,1.2248119047824517,0.09024533004780007,0.2879385330908459,0.5402910402993761,3.0,0.2475715905306519,0.04332369850406876,0.08794396012403745,0.17499462846769911,1,1,160,0.20625,0.30258940397351,12.0,5.0,0.0,0.0,55.0,5,27,5,4.540794635596843
1966,0.20866921381267967,0.16631626175089764,0.1096541858852451,USA,0.20866921381267967,0.16631626175089764,1.2546531025644185,0.09364034515718919,0.2942098066919757,0.5254928788090446,3.0,0.2481376487193258,0.04350968806121704,0.0898358060898355,0.17534496794733415,1,1,162,0.2037037037037037,0.2988940397350993,18.0,11.0,1.0,1.0,58.0,3,25,5,4.558318674915364
1967,0.20854787614531875,0.16674126302506823,0.10558401160361143,USA,0.20854787614531875,0.16674126302506823,1.2507274585893309,0.09298847978509873,0.29318489512450885,0.5062818838300668,3.0,0.2469065123810447,0.04176295792474604,0.0898381549000336,0.1691448213415056,1,1,163,0.2085889570552147,0.29867105263157895,9.0,5.0,1.0,0.0,58.0,7,26,5,4.240871311561424
1968,0.2026894873343415,0.17039632134620922,0.10555317466683743,USA,0.2026894873343415,0.17039632134620922,1.189517976286116,0.0918343273353243,0.29146918252294174,0.5207629465889603,3.0,0.24460806844473662,0.03999111118289479,0.0906183932992331,0.1634905644657009,1,1,163,0.2147239263803681,0.2993092105263158,8.0,6.0,1.0,0.0,50.0,1,31,5,4.5577452175051185
1969,0.19723556784414167,0.16971624212602268,0.10779252822972168,USA,0.19723556784414167,0.16971624212602268,1.1621490399114809,0.0900690513809797,0.28840186390445344,0.5465166826041278,3.0,0.23844062909607644,0.040452172272953876,0.0912972206083179,0.16965301771894847,1,1,163,0.2147239263803681,0.2945986842105263,10.0,7.0,0.0,0.0,52.0,8,32,5,4.050090238681798
1970,0.1805683808413776,0.1710551469201376,0.11241002873602242,USA,0.1805683808413776,0.1710551469201376,1.0556150112552976,0.08570376747796984,0.2807656669086274,0.6225344006089877,3.0,0.22730312372472594,0.042448198491911386,0.09637862777942778,0.18674709698806433,1,1,163,0.22085889570552147,0.2947105263157894,8.0,5.0,1.0,0.0,23.0,3,30,5,3.935648059523642
1971,0.16844491981545323,0.17074503276018366,0.11216919641824159,RUS,0.17074503276018366,0.16844491981545323,1.0136549855421606,0.08118460820722118,0.273083184272582,0.6659102366585657,3.0,0.2248518178443678,0.04296739610099102,0.09123527393291844,0.19109205570546509,1,1,165,0.21212121212121213,0.29395454545454547,10.0,5.0,0.0,1.0,40.0,3,29,5,4.132978598048535
1972,0.16460493339545132,0.1706923614920662,0.11286196443158739,RUS,0.1706923614920662,0.16460493339545132,1.0369820513337245,0.08039682255273506,0.2716265310224182,0.6856535955726477,3.0,0.22279032434184534,0.042065632601668734,0.09176501085117739,0.1888126547952056,1,1,165,0.20606060606060606,0.29219480519480523,10.0,5.0,0.0,1.0,34.0,2,25,5,4.816752696520945
1973,0.15881658090570927,0.16740682625988257,0.11342005815626505,RUS,0.16740682625988257,0.15881658090570927,1.054089096397771,0.07812932604815012,0.2674781028793247,0.714157536382196,3.0,0.21832998914138774,0.04188834516745059,0.09510748089719792,0.19185795470508737,1,1,166,0.21084337349397592,0.29094155844155845,8.0,5.0,2.0,1.0,44.0,4,29,5,4.655404573562583
1974,0.15252086744529122,0.16767304961516347,0.11678227596629408,RUS,0.16767304961516347,0.15252086744529122,1.099344977665481,0.07691068306392483,0.2653489289057283,0.7656806437203324,3.0,0.218498252001614,0.04192062773566643,0.09017732543776376,0.19185795470508743,1,1,167,0.2155688622754491,0.290525974025974,10.0,6.0,1.0,0.0,41.0,6,31,5,5.8518205235016225
1975,0.14361896975842986,0.17419934925645253,0.11841327549449568,RUS,0.17419934925645253,0.14361896975842986,1.2129271610112475,0.07656939248615685,0.265276971541744,0.82449606548264,3.0,0.21418845526296,0.04281361928495392,0.0884870540650514,0.1998876140751446,1,1,167,0.2155688622754491,0.29446753246753243,16.0,7.0,2.0,2.0,55.0,2,24,5,5.992978337040579
1976,0.1421437101568034,0.17563323745286846,0.11739190483740099,RUS,0.17563323745286846,0.1421437101568034,1.235603300765976,0.07630376107150344,0.2648504977252515,0.8258677412310549,3.0,0.21268894765011248,0.04204879622179055,0.08937408459816024,0.19770089930090598,1,1,168,0.22023809523809523,0.29590259740259744,11.0,5.0,2.0,1.0,55.0,2,25,5,5.59139938376767
1977,0.1415664816954718,0.17323787771512594,0.11808307749164546,RUS,0.17323787771512594,0.1415664816954718,1.2237210082523877,0.07522158051166475,0.2628635009233923,0.8341174837251217,3.0,0.21384541772893376,0.042787816760720965,0.0884337254888895,0.20008760166634929,1,1,171,0.21052631578947367,0.299948051948052,10.0,4.0,0.0,1.0,74.0,5,34,5,5.855840634559162
1978,0.13940215361216673,0.1705187786511068,0.12075353089174028,RUS,0.1705187786511068,0.13940215361216673,1.2232148086141494,0.07419797305171641,0.26104976424339393,0.8662242853700156,3.0,0.2136140908572959,0.04444138248643526,0.08702288006599262,0.20804518235702044,1,1,172,0.22093023255813954,0.30554545454545456,11.0,7.0,2.0,0.0,47.0,8,37,5,6.625385527093194
1979,0.13698531201781516,0.16704394810239562,0.11964759325548067,RUS,0.16704394810239562,0.13698531201781516,1.219429628197447,0.07237729765039763,0.2576676833725831,0.8734337389392544,3.0,0.215023616561941,0.04550161712660264,0.08526361980994354,0.21161218406674492,1,1,173,0.2254335260115607,0.3145064935064935,7.0,5.0,1.0,0.0,55.0,5,39,5,7.049517114452134
1980,0.13284458383089057,0.16835057801731923,0.1192562221302706,RUS,0.16835057801731923,0.13284458383089057,1.2672746841649738,0.07144657892596075,0.2558435297075637,0.897712339421246,3.0,0.21216139431531247,0.047056418666778,0.08446584732336339,0.2217953875097707,1,1,173,0.23121387283236994,0.32243506493506496,10.0,9.0,3.0,2.0,59.0,6,33,5,8.319555592264601
1981,0.13754991727647378,0.1689316353243503,0.11947222311036956,RUS,0.1689316353243503,0.13754991727647378,1.2281478511164758,0.07247919227798799,0.25808682147484385,0.8685735729686536,3.0,0.21280555399817855,0.04820095608954014,0.08421548879303067,0.2265023406764689,1,1,174,0.22988505747126436,0.32347402597402597,11.0,3.0,1.0,1.0,46.0,4,35,5,7.6272830964852245
1982,0.12930581035759325,0.17111705286475204,0.11858306569828234,RUS,0.17111705286475204,0.12930581035759325,1.323351614220045,0.07109181894131986,0.25536768244712726,0.9170745333898196,3.0,0.2080987720694964,0.052144193486500685,0.0853715436473863,0.2505742487951187,1,1,175,0.2342857142857143,0.32496753246753246,7.0,3.0,1.0,0.0,58.0,4,32,5,7.568720583663293
1983,0.13265215843066816,0.17179967162818957,0.11878288198916881,RUS,0.17179967162818957,0.13265215843066816,1.2951140310165568,0.07195990087293389,0.2571442604643253,0.8954462814206807,3.0,0.21164416979559844,0.05426646345169866,0.08596209301148947,0.25640424446422544,1,1,175,0.22857142857142856,0.3277792207792207,7.0,5.0,0.0,1.0,75.0,8,34,5,7.255886444089972
1984,0.13554970043321649,0.16974664429505973,0.11605547717481973,RUS,0.16974664429505973,0.13554970043321649,1.2522834336966433,0.07142187131721077,0.25616060979967886,0.8561839443680563,3.0,0.21650509038473828,0.058592931083713495,0.0863677255661363,0.27063073195919546,1,1,175,0.24,0.3339285714285714,5.0,2.0,2.0,0.0,89.0,6,34,5,7.465707025222297
1985,0.13724459988748672,0.17556074553040524,0.11346793172068226,RUS,0.17556074553040524,0.13724459988748672,1.2791814444745377,0.07329632809748532,0.2598161468194281,0.8267569858027449,3.0,0.2184793112544359,0.06166344702971827,0.08457944961215534,0.2822392961405232,1,1,174,0.2471264367816092,0.3419415584415585,8.0,3.0,1.0,0.0,71.0,4,31,5,7.648585852873349
1986,0.135187999553206,0.1744090573746927,0.11388008256060148,RUS,0.1744090573746927,0.135187999553206,1.2901223329815634,0.07249482948528896,0.2582594086757964,0.8423830734752579,3.0,0.2181832854886287,0.06499663300762376,0.0832905809267893,0.2978992311994095,1,1,175,0.25142857142857145,0.3473896103896103,4.0,2.0,1.0,0.0,89.0,6,35,5,8.641403283850796
1987,0.1336434867982648,0.17268224856604233,0.11126161224457506,RUS,0.17268224856604233,0.1336434867982648,1.292111218459203,0.07105500600077583,0.2554390334077403,0.8325255117933639,3.0,0.21911641170937857,0.06679332490015134,0.08036696019730234,0.3048303154431972,1,1,175,0.25142857142857145,0.35194155844155844,9.0,4.0,1.0,1.0,121.0,10,34,5,9.052418109212931
1988,0.13438633564453345,0.17055166444212044,0.11282854551973877,RUS,0.17055166444212044,0.13438633564453345,1.269114628538189,0.07100258091998485,0.2553357535691677,0.8395834664186589,3.0,0.22139002413044245,0.06728423510428247,0.076395665565813,0.3039171948625778,1,1,175,0.26857142857142857,0.3595714285714286,6.0,3.0,3.0,0.0,52.0,6,35,5,8.375439946665718
1989,0.14813298399527297,0.13672281385151247,0.11438411996416724,USA,0.14813298399527297,0.13672281385151247,1.0834547638564,0.06552086558169584,0.24429566306339015,0.7721718477487588,3.0,0.2198814918596311,0.06669224823823745,0.06976194969714454,0.30330996790222226,1,1,177,0.2655367231638418,0.3645096774193548,10.0,3.0,0.0,0.0,42.0,4,38,5,8.797077210076148
1990,0.14023588829674516,0.12859909990501042,0.1110546598550508,USA,0.14023588829674516,0.12859909990501042,1.0904888790071645,0.06240323187722088,0.2379403234134404,0.791913262745228,3.0,0.22116908207355945,0.06458146733375644,0.06223561885536561,0.29200043120076363,1,1,188,0.324468085106383,0.40951785714285716,5.0,0.0,11.0,1.0,40.0,4,47,5,9.529724555041152
1991,0.13492138776156606,0.10159611901579986,0.11664078706447961,USA,0.13492138776156606,0.11664078706447961,1.1567256288058212,0.055214905697433425,0.22326398852191612,0.8645092449731391,3.0,0.21659040302991647,0.06783023410114687,0.05481741997767293,0.31317285139257917,1,1,192,0.3385416666666667,0.4270292397660819,14.0,4.0,5.0,1.0,43.0,4,45,7,10.625336764253882
1992,0.14766729393483624,0.0669955236864683,0.12335841243638841,USA,0.14766729393483624,0.12335841243638841,1.1970589684022002,0.05517112971576148,0.22343249637508997,0.8353807342797583,2.0,0.2208889066280232,0.07228812649707383,0.047401785188110286,0.3272601037353451,0,0,193,0.35233160621761656,0.4453953488372093,10.0,3.0,5.0,2.0,61.0,2,50,7,9.392024354070069
1993,0.1530392350919613,0.05784081510431153,0.13139556688191964,USA,0.1530392350919613,0.13139556688191964,1.164721449312609,0.057641945367599964,0.22923376288248348,0.8585743832486096,2.0,0.22073854566636583,0.0789629653788616,0.04060856276356384,0.35772168898045464,0,0,195,0.37435897435897436,0.46596531791907514,5.0,1.0,6.0,1.0,88.0,0,49,7,8.02380621163826
1994,0.14557588343378475,0.06700682814793703,0.13701686487969547,USA,0.14557588343378475,0.13701686487969547,1.0624668982289467,0.05790141989828544,0.2298616404898963,0.9412057934858259,2.0,0.22166604893969566,0.08253083369264701,0.03499383717410931,0.3723205880531554,0,0,196,0.39285714285714285,0.47065317919075145,6.0,3.0,5.0,1.0,83.0,2,52,7,10.095683721040256
1995,0.1403229215802388,0.062892643692985,0.14289938973077015,CHN,0.14289938973077015,0.1403229215802388,1.0183609927837634,0.05772294845500554,0.22947100645078855,1.0183609927837634,2.0,0.22172571021851542,0.08739526267661613,0.030736198935763136,0.3941593538723418,0,0,196,0.4030612244897959,0.476271676300578,5.0,1.0,3.0,1.0,75.0,2,54,7,8.66231612652976
1996,0.1383636492595176,0.05918369451648285,0.14645474670592523,CHN,0.14645474670592523,0.1383636492595176,1.058477045739317,0.0577155216237033,0.22945473636653274,1.058477045739317,2.0,0.2225269603223924,0.08930417722768372,0.027168229682642875,0.4013184609105418,0,0,196,0.413265306122449,0.48257803468208094,6.0,3.0,4.0,2.0,68.0,4,49,7,8.010330782591192
1997,0.13945502167404206,0.055964558518443855,0.14914924626576348,CHN,0.14914924626576348,0.13945502167404206,1.0695150628163137,0.05834927246833016,0.23083897883214485,1.0695150628163137,2.0,0.22396830989336114,0.09243489585834438,0.025241881219502455,0.41271417327904897,0,0,196,0.41836734693877553,0.488242774566474,3.0,2.0,1.0,0.0,79.0,2,49,7,6.604987652206643
1998,0.1414295774409269,0.0512257802649317,0.15409332207402118,CHN,0.15409332207402118,0.1414295774409269,1.0895409917941934,0.05974852742485397,0.2338662266786326,1.0895409917941934,2.0,0.22959588042980789,0.0923255319012691,0.02339028398695247,0.4021219010046432,0,0,197,0.4263959390862944,0.4899080459770115,1.0,0.0,3.0,1.0,70.0,4,54,7,6.299582166335414
1999,0.1424859783445804,0.051468739956802824,0.15753136408888518,CHN,0.15753136408888518,0.1424859783445804,1.1055920443478293,0.06093384923208387,0.23656974713552628,1.1055920443478293,2.0,0.22885517345653567,0.09635982611066905,0.023478600121988377,0.42105155262732036,0,0,199,0.4271356783919598,0.4898800000000001,6.0,5.0,2.0,1.0,97.0,4,47,7,6.2143249951340325
2000,0.1426155208623329,0.05144804106309249,0.1622509686735764,CHN,0.1622509686735764,0.1426155208623329,1.1376810019871375,0.06237258413577407,0.23966164273751978,1.1376810019871375,2.0,0.22862295243039205,0.09879768276200906,0.024072597265629922,0.4321424498797408,0,0,196,0.42857142857142855,0.4934857142857143,8.0,1.0,4.0,5.0,102.0,4,45,7,6.351579099309604
2001,0.1413121319521966,0.05347428077179678,0.16535083776401172,CHN,0.16535083776401172,0.1413121319521966,1.1701107008982568,0.06298301494366994,0.24093847057136433,1.1701107008982568,2.0,0.2262552209800584,0.10340606938530571,0.02454881682231486,0.4570328540370773,0,0,196,0.4387755102040816,0.4961485714285715,4.0,0.0,2.0,0.0,75.0,5,45,7,7.106868938559822
2002,0.1527759897278035,0.04933399354549566,0.15284825935437926,CHN,0.15284825935437926,0.1527759897278035,1.0004730430920756,0.06253286542188388,0.24005137060388707,1.0004730430920756,2.0,0.21865135215071005,0.11166222451770275,0.025266476104846006,0.5106861833661894,0,0,196,0.4489795918367347,0.5076857142857143,2.0,0.0,4.0,2.0,62.0,2,46,7,7.18856318190915
2003,0.1511935865302691,0.04946560178506631,0.15972240289497364,CHN,0.15972240289497364,0.1511935865302691,1.0564099083858762,0.06404063395624535,0.24318783509719877,1.0564099083858762,2.0,0.21663224673154927,0.11924750419449234,0.02610694054814755,0.5504605431261759,0,0,196,0.4846938775510204,0.5139714285714285,4.0,3.0,7.0,0.0,81.0,6,54,7,7.368192574592742
2004,0.15084760298506855,0.04744236652252537,0.16738188300781193,CHN,0.16738188300781193,0.15084760298506855,1.1096091664405168,0.06601544952417654,0.2472356731050694,1.1096091664405168,2.0,0.2130125647310992,0.12277472269974037,0.027122161285568373,0.576373148948878,0,0,196,0.4846938775510204,0.5143485714285714,2.0,0.0,1.0,1.0,60.0,0,55,7,6.926978694131464
2005,0.155792921259768,0.04059074030265108,0.1713954793484757,CHN,0.1713954793484757,0.155792921259768,1.1001493390235113,0.0684103283686337,0.2520573258861313,1.1001493390235113,2.0,0.21000140979969398,0.12762729312814605,0.027857834684459647,0.6077449349024895,0,0,196,0.47959183673469385,0.5183257142857143,2.0,2.0,1.0,2.0,71.0,0,56,7,6.884223092715935
2006,0.1535560638272353,0.04090114276113855,0.17871545384840787,CHN,0.17871545384840787,0.1535560638272353,1.1638449787921055,0.0700750077890865,0.2554048716345376,1.1638449787921055,2.0,0.20334728507346153,0.13387617174510283,0.029397665935988516,0.6583622284248277,0,0,196,0.4744897959183674,0.5216685714285715,3.0,2.0,2.0,3.0,46.0,0,55,7,6.187175055456573
2007,0.14904368330240042,0.04088265818405007,0.18494109718582455,CHN,0.18494109718582455,0.14904368330240042,1.2408516287844986,0.07094437459177433,0.2571099827105899,1.2408516287844986,2.0,0.19611788753689413,0.1398703532638785,0.030591308891015648,0.7131952878982841,0,0,196,0.4642857142857143,0.5202857142857144,0.0,0.0,2.0,4.0,39.0,0,52,7,6.476598901047671
2008,0.14657333875973572,0.040614039973508334,0.18941143457015694,CHN,0.18941143457015694,0.14657333875973572,1.2922639012859072,0.07177887987278234,0.2587845513495751,1.2922639012859072,2.0,0.1902674538922448,0.14597432271288693,0.031075842051142017,0.7672059499758552,0,0,196,0.4642857142857143,0.5239942857142856,3.0,2.0,2.0,2.0,54.0,2,51,7,6.170884533115565
2009,0.14529602079487383,0.039154446625468055,0.20712141080823734,CHN,0.20712141080823734,0.14529602079487383,1.4255133050109297,0.07818053850618774,0.27093222744133527,1.4255133050109297,2.0,0.18372248518599385,0.15284531339424343,0.031262721657931807,0.8319358038266709,0,0,196,0.4642857142857143,0.5262,2.0,2.0,3.0,3.0,43.0,0,51,7,6.3362268391936105
2010,0.14708081790220637,0.03895845053472944,0.20853992114642309,CHN,0.20853992114642309,0.14708081790220637,1.4178594062828827,0.07913422345824134,0.2726956145433688,1.4178594062828827,2.0,0.17665978672696125,0.15731116303337478,0.03128772268353304,0.8904752232974729,0,0,196,0.4744897959183674,0.5272857142857144,3.0,1.0,3.0,1.0,36.0,0,51,7,6.702644608667067
2011,0.14231823882576397,0.039697365121259744,0.21340745877892592,CHN,0.21340745877892592,0.14231823882576397,1.4995088510067525,0.07993444576877094,0.2742113050534668,1.4995088510067525,2.0,0.17120324833891665,0.1617175730372244,0.03255241102922894,0.9445940693665213,0,0,197,0.4720812182741117,0.5305397727272727,2.0,1.0,1.0,1.0,,2,59,7,6.556742910084562
2012,0.13806998917266342,0.03938683297262925,0.21896702259710987,CHN,0.21896702259710987,0.13806998917266342,1.585913230740394,0.08105900818001277,0.2762647262026538,1.585913230740394,2.0,0.16723420902642094,0.1665666082819387,0.03299629489200828,0.9960079893439937,0,0,197,0.47715736040609136,0.5318124999999999,6.0,3.0,3.0,2.0,,2,64,7,5.932950901465755
2013,0.13177137897048916,0.03877092125043961,0.22675694114265388,CHN,0.22675694114265388,0.13177137897048916,1.7208360640548295,0.0828003138197121,0.2794145314506622,1.7208360640548295,2.0,0.1664808357812798,0.17258333174135934,0.03197262929890161,1.0366558464909252,0,0,197,0.467005076142132,0.5277613636363636,1.0,1.0,2.0,4.0,,2,66,7,5.903832624376024
2014,0.12851832717816472,0.038922252142854295,0.22710831601704223,CHN,0.22710831601704223,0.12851832717816472,1.7671278564200605,0.08239533347693698,0.2786851494347661,1.7671278564200605,2.0,0.16490335612291165,0.17899530596400512,0.030826033665327393,1.0854558098295461,0,0,197,0.467005076142132,0.5279488636363636,4.0,3.0,2.0,2.0,,2,70,7,5.754703935870976
2015,0.13137647725134105,0.03629771637902844,0.22829701646442221,CHN,0.22829701646442221,0.13137647725134105,1.737731298942192,0.0835632379686584,0.2807834345780486,1.737731298942192,2.0,0.16126884391759874,0.19038965927512652,0.029314222574644777,1.1805731017232766,0,0,197,0.47715736040609136,0.5266704545454547,2.0,0.0,3.0,1.0,,2,69,7,5.953328521210295
2016,0.13216100552369553,0.03622700557993363,0.22906376146914792,CHN,0.22906376146914792,0.13216100552369553,1.7332174536768217,0.08440833264987414,0.2822920260524758,1.7332174536768217,2.0,,,,,0,0,197,0.48223350253807107,0.5256875,1.0,0.0,2.0,1.0,,4,68,7,5.5724756758754
2017,,,,,,,,,,,,,,,,0,0,197,0.4720812182741117,0.5231136363636364,1.0,1.0,1.0,3.0,,2,69,7,5.80805374183339
2018,,,,,,,,,,,,,,,,0,0,197,0.47715736040609136,0.5233352272727273,0.0,0.0,3.0,2.0,,4,75,7,5.774418496672037
2019,,,,,,,,,,,,,,,,0,0,197,0.4720812182741117,0.5219374999999999,2.0,1.0,2.0,3.0,,4,80,7,5.923788666449621
