iso3,recurso,q_1950_twh,q_2019_twh,reservas_twh,urr_proxy_twh,x_1950_proxy,x_2019_proxy,r_linealizacion,urr_linealizacion_twh,r2_linealizacion,r_condicional_urr_proxy,anio_pico_produccion,prod_pico_twh
AGO,oil,0.0,22543.106,12346.421956,34889.527956,0.0,0.646128145626666,0.09229056632051298,45366.2763812301,0.6191743491533171,0.10208361463593811,2008,1073.34
ALB,oil,28.538,1000.655,,,,,0.12385632887900042,966.537275294961,0.8242239053948122,,1983,50.629
ARE,oil,0.0,65612.612,155143.2696,220755.8816,0.0,0.29721795643428056,0.0603181157323375,127143.45309380612,0.7192577516592622,0.051801002047870415,2016,2112.09
ARG,oil,758.752,20550.575,3938.4023197200004,24488.97731972,0.030983408988214754,0.8391765295748564,0.060250046426053895,28700.37684214356,0.8411163037356357,0.07751343615972094,1998,512.046
AUS,oil,0.0,13961.468,3791.8728328800003,17753.34083288,0.0,0.7864135618994439,0.09789102568919797,15391.220180600816,0.9439333850416541,0.07992325246229734,2000,431.377
AUT,oil,122.387,1538.241,,,,,0.09154654778591514,1469.2834973588206,0.8341659072170651,,1955,42.636
AZE,oil,196.54888596433756,12840.037669556192,11104.324,23944.361669556194,0.008208566537576048,0.5362447262848323,,,,0.07427318802605688,2010,591.946
BHR,oil,192.243,2280.859,,,,,0.06829729959911665,2399.6119733308497,0.787818614477115,,1970,44.485
BLR,oil,46.31225160566388,1511.2649269116425,,,,,0.09297274899928731,1558.8861434611276,0.9427294410303784,,1988,37.541081494961794
BOL,oil,8.328,1311.358,,,,,0.04891359817704593,2667.0019125589447,0.22512290556180142,,2016,40.733
BRA,oil,1.478,34146.872,20169.5768472,54316.44884720001,2.7210909979734257e-05,0.6286653992432397,0.0795769905443306,92503.62698131763,0.7318964395785037,0.09276353094714943,2019,1758.446
BRN,oil,228.076,6297.764,1744.9652,8042.7292,0.028358035478802394,0.783038175648137,0.07212832192163832,6939.733898660225,0.8112953163136324,0.05541638964661079,1979,148.175
CAN,oil,265.967,80089.105,268288.25673012,348377.36173011997,0.0007634451293825418,0.22989181789040358,0.04820658595592,226150.98975607706,0.4468180826803295,0.04458496823847161,2019,3063.658
CHL,oil,1.035,827.6610000000001,,,,,0.09770099858655093,847.2605361346664,0.7836540939819306,,1982,31.054
CHN,oil,55.778,85089.841,41185.55699632,126275.39799632001,0.0004417170793761863,0.6738433800262481,0.08087245686480264,115102.77777719384,0.861804382417249,0.07790815848097389,2015,2495.333
CIV,oil,0.0,636.327,,,,,0.0922139561061608,1479.0793956683617,0.1295198555758185,,2006,39.158
CMR,oil,0.0,2701.688,,,,,0.16506263001813057,2551.9658410150187,0.7654937362824336,,1985,117.813
COD,oil,0.0,662.511,,,,,0.12266174220023318,677.8298246653918,0.8223349071812566,,1985,20.772
COG,oil,0.0,5150.419,4571.808824,9722.227824,0.0,0.5297570776201963,0.10003255674696948,6833.52457436602,0.8704517201539096,0.08876503036121661,2019,200.348
COL,oil,815.123,17652.181,3109.21072,20761.39172,0.0392614816479172,0.8502407371368648,0.04047473170048005,230040.5772422028,0.00509003405473817,0.06394124374884905,2013,618.594
CUB,oil,0.768,1005.872,,,,,0.10953835496328843,1384.1293497196323,0.9344743066297141,,2004,39.76
DEU,oil,173.239,3714.239,,,,,0.10062220341244353,3540.6504688800183,0.8293984224251566,,1968,93.761
DNK,oil,0.0,4345.726,678.49005972,5024.21605972,0.0,0.8649560346021797,0.16146183184577995,4780.688655500162,0.9619726021561592,0.15863920771358442,2004,221.638
DZA,oil,0.307,38653.69,19353.2504,58006.94040000001,5.292470140348929e-06,0.6663631926361694,0.06723092555143775,51382.693175435896,0.7266118755088773,0.059652736231522535,2007,1005.786
ECU,oil,76.827,11047.588,2066.2767466,13113.8647466,0.005858456029899099,0.8424357131534608,0.07576460377650804,17395.288819624606,0.8411081835952237,0.10225878122904557,2014,346.923
EGY,oil,258.395,21006.833,4990.600472,25997.433471999997,0.009939250360167245,0.808034878620806,0.10425616607083485,22474.199908098544,0.9179222253878127,0.08443955914488765,1993,552.739
ESP,oil,0.012,525.732,,,,,0.17279537281415952,523.4496115116686,0.8888892050946761,,1983,35.893
FRA,oil,26.308,1582.242,,,,,0.07387962799558398,1749.4220627995119,0.6016953904703617,,1988,47.865
GAB,oil,0.0,6931.561,3172.664,10104.225,0.0,0.6860062003765751,0.07741414524784326,8751.026812497461,0.8311871532350916,0.0673951774451385,1996,212.247
GBR,oil,7.6530000000000005,44977.137,3965.8300000000004,48942.967000000004,0.0001563656735399797,0.9189703803612886,0.13593111844924008,46100.617741487644,0.8650122180432898,0.12095944436751548,1999,1594.461
GHA,oil,0.0,615.991,,,,,,,,,2014,66.744
GNQ,oil,0.0,3165.254,1744.9652,4910.2192,0.0,0.6446258040781561,0.26781577437175286,3321.6063242239893,0.9400541138248352,0.1739229140246391,2007,206.197
HUN,oil,77.703,1564.907,,,,,0.07389054107437557,1716.411445900393,0.9565281787069703,,1982,37.295
IDN,oil,1940.712,42591.381,3940.4010980400003,46531.78209804,0.04170723562469674,0.9153180703516194,0.09228208422722153,44349.49431135966,0.9166289394022135,0.08084229721389789,1977,987.813
IND,oil,358.587,17567.922,7393.27478252,24961.196782519997,0.014365777535599327,0.7038092825862655,0.09121154602876164,21678.52175598009,0.8046052753757383,0.08162964404790585,2011,498.743
IRN,oil,3684.91,126958.898,250323.1896,377282.0876,0.009766989001361748,0.3365092120000239,0.07418983708351871,140190.35500033808,0.3803159444352052,0.034188110709749774,1974,3526.184
IRQ,oil,742.095,73234.596,230048.28030800002,303282.876308,0.002446874050503144,0.24147290111303993,0.05350500329626858,112192.83229081449,0.13320794663604865,0.039714949668261286,2019,2723.98
ITA,oil,5.047,2545.061,875.35386092,3420.41486092,0.0014755520032568481,0.7440796229365717,0.07400124393394403,3513.811645471844,0.7762253986943648,0.07479372714117857,2005,71.067
JPN,oil,155.65800000000002,670.88,,,,,0.029288381942329824,1230.4047060515109,0.29896938283911,,1992,10.952
KAZ,oil,342.38417378190206,25386.155903502146,47589.96,72976.11590350214,0.004691729198559209,0.3478693760170902,,,,0.06374051777269003,2019,1053.16
KWT,oil,453.198,82182.573,161012.698,243195.271,0.0018635148542834946,0.3379283349633883,0.06369741842869814,92942.87131482133,0.3455079891079194,0.03259032922561283,1972,1946.271
LBY,oil,0.0,46874.771,76719.774516,123594.54551600001,0.0,0.37926245696604627,0.0941908168092627,47038.55380050564,0.6001769380067461,0.034976108822874004,1970,1855.507
MEX,oil,4224.343,82067.81,9622.499552160001,91690.30955216,0.04607185885436336,0.8950543454465486,0.09375780628741624,93327.27680241174,0.89489658841756,0.08803889935996727,2004,2210.197
MMR,oil,173.784,865.448,,,,,0.032666506877219524,1575.8642324383532,0.16927884153878722,,1984,20.682
MYS,oil,111.95100000000001,14488.54,4333.5417576,18822.0817576,0.005947854304415414,0.7697628873676421,0.10645916343247762,16862.68199090352,0.9178725323933861,0.10091992899463348,2004,422.251
NGA,oil,0.0,56747.825,58519.78748,115267.61248,0.0,0.4923137018201559,0.07195082894325847,73467.45288320364,0.6268507554353955,0.052945206063003916,2010,1419.103
NLD,oil,24.399,1973.644,,,,,0.06137861168592262,2517.74901739338,0.5098397453784725,,1986,66.438
NOR,oil,0.0,46959.171,13520.29177268,60479.46277268,0.0,0.7764482164218656,0.15668254563091957,49341.57316049183,0.9702120022246276,0.12890376992438193,2001,1893.862
NZL,oil,0.12,907.111,,,,,0.11887146665655259,1015.131651834712,0.6967255425668896,,1997,36.566
OMN,oil,0.0,19669.538,8523.361836,28192.899836,0.0,0.697677007843075,0.09110089268609073,24696.2976564664,0.9002204888752331,0.08724283107665204,2016,573.547
PAK,oil,4.837,1603.786,,,,,0.09517283890592049,2110.1265754009696,0.6829730884908859,,2014,60.016
PER,oil,619.413,4991.484,1274.11013576,6265.59413576,0.09885941964622112,0.7966497497039914,0.0515063849611407,6555.847011993408,0.5374395484815608,0.047651055959862465,1980,119.148
PNG,oil,0.0,1001.835,,,,,0.22878488177790707,936.0083687900302,0.7237410610637773,,1993,75.64
POL,oil,411.771,779.198,,,,,0.04259831813304647,724.1313030023525,0.3526424990494666,,1909,24.26
QAT,oil,20.19,24634.137,40045.365008,64679.502007999996,0.0003121545369582896,0.38086466709272254,,,,0.0590123149420637,2012,952.574
ROU,oil,1989.801,9352.186,951.7992,10303.9852,0.19310984646988819,0.9076280505527125,0.05748561584648498,10131.31611481697,0.8901841839050336,0.04697193979672082,1976,175.497
RUS,oil,8181.654506268191,303822.67064900993,171013.31564768,474835.98629668995,0.01723048535153795,0.6398476093157218,0.07805386041537628,336453.8281865828,0.724316065902907,0.057698916635048676,2019,6668.512
SAU,oil,1123.192,264392.115,472057.50389600004,736449.6188960001,0.0015251443835136466,0.35900910016946713,0.06386350274911204,370490.65510551794,0.3837545297797864,0.04348230884188001,2016,6823.463
SDN,oil,0.0,2774.941,2379.498,5154.439,0.0,0.5383594606512948,0.32369803575497885,2884.834588873598,0.9395575792823637,0.2183655497485224,2007,276.761
SSD,oil,0.0,592.358,5552.162,6144.52,0.0,0.0964042756797927,,,,,2019,98.256
SYR,oil,0.0,8683.413,3965.8300000000004,12649.243,0.0,0.6864768903562055,0.14032402712502381,9407.258688938042,0.9371609847296026,0.09820380644844016,2002,380.766
TCD,oil,0.0,1216.388,2379.498,3595.886,0.0,0.33827212542333096,0.27958755659727264,1292.9456261445891,0.7386838900902785,0.1132547719129018,2005,105.925
THA,oil,0.0,3823.577,400.94541300000003,4224.522413000001,0.0,0.9050909490345742,0.13967160721340066,5893.762469975368,0.9793268470068507,0.16757231334559494,2016,210.827
TKM,oil,96.88067161163718,4856.092126170123,951.7992,5807.891326170124,0.016680868523675157,0.8361196608980558,0.0525473435281383,10219.269126805922,0.27498398048566774,0.08219781194370243,2015,153.865
TLS,oil,0.0,688.795,,,,,0.38984887036007,684.9332516571592,0.87143324563284,,2006,57.629
TTO,oil,691.73,6213.623,385.44694936,6599.06994936,0.10482234698346944,0.94159071621943,0.06763859733460434,6663.338951818418,0.915113223040255,0.0704360594026633,1978,132.475
TUN,oil,0.0,2516.0099999999998,674.1911,3190.2010999999998,0.0,0.78866815010502,0.10755357080297831,2563.668255197741,0.8999226073349874,0.07209664862937314,1980,65.442
TUR,oil,0.385,1925.477,,,,,0.07697456461566529,2173.9671260965642,0.7872477578243366,,1991,56.305
UKR,oil,102.97419375074249,3276.8799052098598,,,,,0.09458657776181696,3386.3784063923003,0.9536965859341944,,1988,83.47170490414754
USA,oil,63019.366,402046.702,109071.42932400001,511118.131324,0.12329706605546292,0.7866023084693523,0.052438507146426436,458197.03722363675,0.8592255330787093,0.04454693105454347,2019,8735.463
UZB,oil,36.727526104570536,2408.195808124592,942.281208,3350.477016124592,0.010961879734680971,0.718762073739007,0.07837144192269666,3257.383118726126,0.5306675061999869,0.07619716178762577,1998,95.087
VEN,oil,9352.03,122066.384,481936.783009,604003.167009,0.015483412191877878,0.2020956025851122,0.06638702717761052,128904.20987210984,0.6870781435029473,0.023473038596864573,1970,2293.879
VNM,oil,0.0,4726.54,6979.8608,11706.4008,0.0,0.40375689169979556,0.1891434175492697,5130.397772387343,0.901791289628116,0.10404535625186373,2004,237.415
YEM,oil,0.0,4788.949,4758.996,9547.945,0.0,0.5015685574225658,0.20865271716673797,4935.753448560758,0.9832759532816057,0.11130893889121606,2002,250.627
AFG,gas,0.0,738.883,,,,,0.1993521949555862,731.9762176217539,0.8864842781451457,,1974,38.538
ARE,gas,0.0,14179.606,62160.58224,76340.18824,0.0,0.18574235048283919,0.10860603189347064,19980.651733800518,0.9340253763937613,0.07620701223508311,2016,595.208
ARG,gas,116.098,12808.773,4035.76119,16844.53419,0.0068923247559391256,0.7604112322443509,0.08102444319087601,20307.508370688378,0.8665230936286659,0.08964542207154007,2006,448.323
AUS,gas,0.0,16804.659,25011.9432,41816.6022,0.0,0.40186572117043023,,,,0.08730502064935917,2019,1461.024
AUT,gas,9.600000000000001,1148.912,,,,,0.0791413057350557,1186.7787857421076,0.747889904865128,,1978,26.823
AZE,gas,11.37601563453113,5067.599669797043,26205.704550000002,31273.304219797046,0.0003637612308113491,0.16204234877711077,0.06425154979754419,8403.431246114378,0.1270898052144861,0.05071019744977118,2019,239.382
BGD,gas,0.0,4628.702,1153.7774100000001,5782.47941,0.0,0.8004701222100851,0.09572294051563421,12336.503227539897,0.9457750233253991,0.1343608369206531,2017,265.927
BHR,gas,0.0,3831.243,809.2037700000001,4640.4467700000005,0.0,0.8256194262950245,0.08367361040498789,6580.620834935366,0.8646598753531974,0.10813850562526049,2019,162.66
BOL,gas,0.0,3392.344,2228.11029,5620.45429,0.0,0.6035711394425379,0.07297789813089754,84309.22209946734,0.0014433078025043332,0.10622975911283952,2014,204.26
BRA,gas,0.267,4182.111,3928.05576,8110.16676,3.29216411821352e-05,0.5156627630182046,0.08560495634333712,19478.390505065854,0.37376306484632604,0.09842383369018087,2017,271.814
BRN,gas,1.968,4769.217,2326.8141,7096.0311,0.00027733813060655836,0.6720964061163711,0.0826751410207674,6284.022658040497,0.9026280754211284,0.07725965099778119,2015,132.915
CAN,gas,382.483,67464.248,20871.93069,88336.17869,0.004329856754866606,0.7637216030903228,0.06258687227279561,113083.14177090563,0.7943319546880016,0.08010442446931294,2002,1807.226
CHL,gas,2.335,1229.16,,,,,0.11879815080121406,1155.9309241871347,0.624983260893666,,1976,46.198
CHN,gas,0.0,22644.777,87907.62285,110552.39985,0.0,0.20483297541007653,,,,0.07470326436996877,2019,1767.414
COL,gas,95.083,3121.977,902.3600700000001,4024.33707,0.023626997029848693,0.775774232052585,0.048576810683433974,31756.696606331785,0.04472677191755144,0.06620338150595605,2013,132.235
DEU,gas,8.095,8255.158,228.1806,8483.3386,0.0009542233761599474,0.9731024999992338,0.10020274545383212,8529.238160267318,0.8390773824137805,0.124832782776277,1974,206.037
DNK,gas,0.0,2173.693,310.24188000000004,2483.9348800000002,0.0,0.8751006387091759,0.17295154468711676,2348.056523521594,0.9678853110296634,0.1616203326019057,2005,109.13
DZA,gas,4.348,27780.774,45375.4917,73156.2657,5.943441697571504e-05,0.3797456545133632,0.10642271910556415,35344.59336472053,0.9194243761168926,0.08401461122015588,2003,938.576
EGY,gas,0.0,10923.388,22375.41057,33298.79857,0.0,0.32804150507223545,0.15000376358482215,15423.583719932003,0.8181604812046896,0.11559180215183892,2019,649.388
FRA,gas,18.962,2530.981,,,,,0.134218525789952,2517.895796568791,0.9873379234176887,,1979,83.135
GBR,gas,0.011,28052.509,1957.11966,30009.62866,3.6654902080351166e-07,0.9347836095483362,0.0961678691491201,34229.85492334122,0.8240864413875412,0.12712598054013025,2000,1134.59
GNQ,gas,0.0,896.148,,,,,0.330936218778738,1010.2997316417831,0.8924619499495062,,2011,74.619
HUN,gas,14.463000000000001,2459.201,,,,,0.13035719336608506,2395.670710277698,0.9240569424852665,,1978,83.991
IDN,gas,109.161,25951.353,14963.09985,40914.45285,0.0026680303021576397,0.634283271369716,0.10151659175215252,34562.76215709189,0.9247188793393171,0.09216034790985289,2012,942.41
IND,gas,0.0,8488.591,13909.282290000001,22397.873290000003,0.0,0.3789909376704041,0.12397465085714399,11156.690637298396,0.892975948966803,0.09762891917016432,2010,474.292
IRL,gas,0.0,654.453,,,,,0.15618528031101173,615.7906061439617,0.699132024638595,,2016,32.247
IRN,gas,0.0,33274.22,336005.14446000004,369279.36446000007,0.0,0.09010582015233139,0.10617806568201603,89545.92720870672,0.9232770427826682,0.09014712478157448,2019,2283.14
IRQ,gas,0.0,1833.935,36933.123510000005,38767.05851,0.0,0.04730652957657168,,,,0.0575734238270882,2019,109.669
ISR,gas,0.0,840.213,5931.75357,6771.96657,0.0,0.12407223091179553,0.18093930985058565,3268.689327112615,0.15563761967818857,0.17124260431388325,2019,99.618
ITA,gas,11.021,7635.557,456.3612,8091.9182,0.0013619761999077056,0.9436028406713256,0.08289772455238667,8303.396936598972,0.9097332104567534,0.09753364147450118,1994,192.426
JPN,gas,12.917,1798.205,,,,,0.059873644960377385,2434.3043123795946,0.6268282550707478,,2007,46.254
KAZ,gas,3.6166542133673425,5933.674656828072,23625.27504,29558.949696828073,0.00012235394865046372,0.2007403753410361,0.09554571258674417,19644.804737911316,0.2577875096897898,0.08164163649469472,2018,391.784
KWT,gas,0.0,4169.307,17739.4716,21908.7786,0.0,0.19030303222836892,0.054254148728789926,16588.10285103295,0.06685383892243041,0.05375252856877939,2018,168.509
LBY,gas,0.0,3693.179,14964.146550000001,18657.32555,0.0,0.19794793150296935,0.06267845039901906,9814.751599428084,0.1831144161436314,0.05846557940808055,2019,160.475
MEX,gas,163.185,17013.613,1863.85869,18877.471690000002,0.00864443092167074,0.9012654490703145,0.06424622609548215,28273.68395890334,0.6522501183528897,0.08446444189402827,2009,525.831
MMR,gas,0.024,2788.891,4678.01631,7466.9073100000005,3.214182124352632e-06,0.3735001499569974,0.16861441679775685,3988.293853241233,0.7318851843265598,0.11161833769701686,2015,192.167
MOZ,gas,0.0,753.643,,,,,0.2277401467667473,1215.0889860862655,0.9628841521352556,,2016,66.456
MYS,gas,0.0,17425.067,9506.44341,26931.51041,0.0,0.6470141011300228,0.12134421623133207,25124.578803639306,0.9387046440460219,0.12189455693382582,2017,795.831
NGA,gas,0.0,7213.764,57285.68166,64499.445660000005,0.0,0.11184226354481198,0.1475378496676563,11924.524062296457,0.7470790818348811,0.09711626415706863,2019,492.792
NLD,gas,0.215,32839.526,1359.97731,34199.50331,6.286641009114702e-06,0.9602340040534348,0.09363677629268863,35511.46997221368,0.8088195053914486,0.1009425906447716,1977,861.111
NOR,gas,0.0,24800.055,16042.56156,40842.61656,0.0,0.6072102399112306,0.08495995367983254,67449.43528113292,0.15884161226646748,0.11123423731469756,2017,1224.161
NZL,gas,0.0,2039.387,,,,,0.11466952573579425,2265.9017989916665,0.8574118873635758,,2001,69.246
OMN,gas,0.0,5572.561,6974.68545,12547.246449999999,0.0,0.44412620906159056,0.16339159193538677,7972.2653680744015,0.8656609684765255,0.11928318140365736,2019,366.902
PAK,gas,0.0,8952.517,4130.69688,13083.21388,0.0,0.6842750628487012,0.07967651218537415,20139.21650056513,0.570698198749066,0.09571832470083712,2012,365.972
PER,gas,4.524,1621.917,2884.7052000000003,4506.6222,0.0010038560587572662,0.35989637649235384,0.14143798770135352,5916.221470441272,0.08186051924794115,0.041618675474109086,2016,140.184
PHL,gas,0.0,534.184,,,,,0.23351950536752647,643.5291462248955,0.8906864029673219,,2013,37.633
PNG,gas,0.0,660.655,1842.4013400000001,2503.05634,0.0,0.2639393246737706,,,,,2016,119.242
POL,gas,95.819,2494.678,756.34542,3251.02342,0.02947348807471833,0.767351592933157,0.09043550203112895,2549.1082449624428,0.6720314531664753,0.06304200748400729,1978,69.335
QAT,gas,0.0,23270.472999999998,258173.47449000002,281443.94749000005,0.0,0.08268244248111542,0.17189812186222803,43542.66421246149,0.7758209190788136,0.1299523958378858,2019,1771.525
ROU,gas,465.981,12919.241,825.53229,13744.77329,0.03390241440642926,0.939938457144243,0.09944456696486907,13000.945136686056,0.9665159862067141,0.08840574222388485,1982,344.524
RUS,gas,402.5355541289048,241436.431642496,393106.39758,634542.829222496,0.0006343709763801614,0.38048878739726294,0.09577472428224167,285075.2625720345,0.838458235420916,0.062376106379763055,2019,6790.269
SAU,gas,0.0,22414.117,62640.284850000004,85054.40185,0.0,0.26352683121008863,0.0850830443001705,52456.9288960168,0.8913730656923076,0.07722269351892358,2018,1121.0
SYR,gas,0.0,1413.859,2811.5408700000003,4225.39987,0.0,0.3346095147203192,0.17382290403616518,1581.0053047782733,0.9314920766408711,0.10498275649921698,2010,84.259
THA,gas,0.0,7644.427,1497.6183600000002,9142.04536,0.0,0.8361834468080127,0.12252247452870461,11947.832308826597,0.8732755451211637,0.15872055754494685,2014,390.92
TKM,gas,70.26173066344863,26426.673958491006,142364.28375,168790.957708491,0.0004162647787376949,0.15656451220645937,0.10031163798346099,27612.64532230105,0.6126303849393013,0.0340194462032394,1989,850.824
TLS,gas,0.0,935.87,,,,,0.281364961645314,1147.294822078179,0.7992587762363087,,2015,84.151
TTO,gas,78.693,8038.244,3030.82452,11069.06852,0.007109270292962284,0.726189740850931,0.11331368208942004,13840.371514095383,0.5960349467087926,0.07058858789175522,2010,402.93
TUN,gas,0.012,623.175,,,,,0.17711769445123038,672.1154288813515,0.9538661932467487,,2008,33.258
TWN,gas,2.771,574.234,,,,,0.14839322968567276,551.9321464533025,0.8417343581009954,,1990,24.57
UKR,gas,32.43692819742713,10733.153413915665,11421.69507,22154.848483915666,0.0014641006559343527,0.48446070040640954,0.10735180656008922,10886.586632668568,0.7583493753541904,0.04427410556752573,1985,405.821
USA,gas,27669.613999999998,379325.182,132079.9329,511405.1149,0.054105078721026295,0.7417313025392269,0.058120456671653456,442319.7855367543,0.6583460065954312,0.04547543818624588,2019,9281.11
UZB,gas,31.012475640650337,20415.07929978876,8847.96444,29263.043739788758,0.0010597829780257236,0.6976403234510604,0.08502797599864362,27710.29654757898,0.9167356786722298,0.08255358865424556,2008,610.225
VEN,gas,150.328,13667.103,65525.19939,79192.30239,0.0018982653043685552,0.1725812053385357,0.06833753739207994,19990.527377390714,0.9272703828322474,0.05299891406468849,2017,386.054
VNM,gas,0.0,1461.1399999999999,6760.94931,8222.08931,0.0,0.177709088883638,0.20738285123969077,2003.8781692674313,0.939015604597599,0.128901426660723,2015,102.869
YEM,gas,0.0,538.2049999999999,2783.48931,3321.69431,0.0,0.16202725168891294,,,,0.16046738386580442,2013,115.553
AUS,coal,4087.283,96318.703,409713.27,506031.973,0.008077124012082928,0.19034114075633715,0.05996550069545194,263723.08173596987,0.9186975902948367,0.05374279909839148,2019,3660.434
AUT,coal,3857.11,4578.124,,,,,0.16922472612703948,4286.3424189624,0.746638884766094,,1913,239.537
BEL,coal,8893.453,13178.338,,,,,0.05982311189134124,13628.228706346354,0.9503898931631369,,1952,226.331
BGR,coal,335.928,5176.805,9086.7516,14263.5566,0.023551489254790774,0.3629392826190349,0.09283350308324385,4962.299039917595,0.8186247819650887,0.022396267542128714,1970,130.492
BIH,coal,0.0,655.877,,,,,0.17625762972745618,747.218432644783,0.6949083113524076,,2001,32.119
BRA,coal,199.365,2287.471,25445.277000000002,27732.748000000003,0.007188793551940831,0.08248266634089055,0.07495031480473058,2412.3044026691596,0.6891212616481425,0.01941416963321719,1979,87.232
CAN,coal,5636.094,26106.282,36169.7652,62276.0472,0.09050179408303873,0.4192026175996604,0.023014443097641415,354631.01603213215,0.0036115206091112953,0.029800945853514785,1997,527.206
CHL,coal,596.642,1266.15,,,,,0.05289004823574703,1258.9271719332016,0.884744965148451,,2014,21.252
CHN,coal,5689.093,521017.314,634753.77,1155771.084,0.004922335468292439,0.4507962876150309,0.05507859754395261,4985222.2262103725,0.051266114067062676,0.06449925881330307,2019,22154.439
COL,coal,69.774,15049.055,47073.588,62122.643000000004,0.0011231653489050682,0.24224750064159375,0.09402465853101595,33032.7610102188,0.8396514480749543,0.08568037594614794,2017,733.386
CZE,coal,8915.438471408557,35745.41576457534,4605.8289,40351.24466457534,0.22094581085463982,0.8858565841453835,0.044380190928685836,42204.03921986179,0.8318499841728315,0.04697907441762137,1979,605.8396986036875
DEU,coal,51932.115,140515.71,155769.894,296285.604,0.17527721326615653,0.4742576355481652,0.04247640246808601,157007.64519122677,0.8670523861616093,0.01577877510974837,1964,2014.4
ESP,coal,2216.521,8788.04,2662.107,11450.147,0.19358013482272324,0.7675045569283958,0.049484272642611404,9967.122448731434,0.9017255004716273,0.038991750336329345,1979,156.744
FRA,coal,16500.718,29108.219,,,,,0.06071068309316574,29865.853304147266,0.9313978310777857,,1958,481.229
GBR,coal,81872.482,131477.365,1590.9839999999997,133068.349,0.6152663846456832,0.988043858573762,0.055510229059755035,131986.15401695177,0.9081971713343273,0.05943910896659916,1913,1999.489
GRC,coal,8.933,3406.545,11590.458,14997.003,0.0005956523446717987,0.22714838424717257,0.10432224013058285,3925.345234232879,0.964526200938241,0.06109551969766652,2002,99.81
HUN,coal,1468.724,5699.354,6411.7353,12111.0893,0.1212710073898968,0.4705897098785326,0.05006014988473731,6391.3716111796975,0.7577321859965992,0.017130638395917906,1964,112.147
IDN,coal,346.767,41122.733,107526.4443,148649.1773,0.00233278788553376,0.2766428563341938,0.15459312035514652,81751.82112761094,0.8698019500143773,0.1387305015240263,2019,3566.628
IND,coal,6593.801,96205.403,408736.35000000003,504941.753,0.013058537862682946,0.19052772409573349,0.0409944341886878,3898331.568991193,0.007918899909348421,0.043584461386905825,2018,3555.345
ITA,coal,332.641,707.448,,,,,0.09682338124453599,678.1589443760919,0.605252992130491,,1942,29.16
JPN,coal,11499.274,21990.146,2389.965,24380.111,0.47166618724582504,0.9019707088290123,0.06500354320447665,22649.221680709536,0.920105754133847,0.019837125504716197,1941,434.201
KAZ,coal,4053.1187391972385,42886.02483503277,196465.59,239351.61483503276,0.016933743029019257,0.17917583244462718,0.06757120660436039,45285.21155511299,0.9168533300254915,0.024263114331497113,1982,761.3374237586116
KGZ,coal,63.303275123278226,580.0333540151258,,,,,0.07857970214100757,583.3524948657869,0.9066494839175463,,1982,11.89088094847791
KOR,coal,27.563000000000002,3890.596,483.5754000000001,4374.1714,0.006301307717388487,0.8894475419961824,0.12491905097642167,3938.8894335683067,0.871534127785883,0.06861755072101136,1979,148.231
MEX,coal,273.258,3017.801,7348.182900000001,10365.983900000001,0.026361028787629116,0.2911253798107867,0.043579976427077206,8928.767276474835,0.1830933743106422,0.04120165780282724,2011,108.967
MNG,coal,0.725,3121.36,,,,,,,,,2019,302.306
NLD,coal,2862.81,4644.325,,,,,0.10055445842267137,4698.904499450015,0.916898363722562,,1937,117.035
NOR,coal,61.944,514.735,,,,,,,,,2007,33.495
NZL,coal,682.746,2165.844,2295.0642000000003,4460.9082,0.15305089667615218,0.48551637982597357,0.027573078755931242,3694.8495513092566,0.4141229694825589,0.020641381261991453,2006,41.676
PAK,coal,10.115,834.961,7944.453,8779.414,0.0011521270098437094,0.09510441129669929,0.055009774430021446,1509.8354220731674,0.6887666355804265,0.041012714528281785,2019,36.696
PHL,coal,7.779,970.755,,,,,,,,,2016,78.168
POL,coal,14630.674,78723.691,34093.4613,112817.15230000002,0.12968483693946242,0.6977989551682736,0.047835489958578614,95888.41959437239,0.9047495021134059,0.038869082999347916,1987,1476.407
PRK,coal,501.243,12708.817000000001,3244.77,15953.587000000001,0.03141882762791841,0.7966118842113689,0.08887324333988646,12877.241502617058,0.7261732721677282,0.06699383600267264,1979,314.711
ROU,coal,275.96500000000003,5899.099,1148.2299,7047.3289,0.03915880809820016,0.8370687793498611,0.08890037112052702,6039.432235993777,0.920337774547656,0.05866653519882947,1989,162.953
RUS,coal,12903.642827580441,142865.622194593,756729.9078,899595.529994593,0.01434382719493726,0.1588109516233942,0.06380216573969037,154195.52167886056,0.8686331468370947,0.022295895163218726,2019,2563.601
SRB,coal,0.0,2541.142,,,,,0.17358240802210168,2698.009226735369,0.8028292532177043,,1998,114.648
SVK,coal,241.51516857070806,1015.8692332222454,,,,,0.042793971462651854,1234.8634041584469,0.8315775976344384,,1979,16.411921567776734
THA,coal,0.0,1909.386,4755.158100000001,6664.544100000001,0.0,0.2864991170213728,0.1541754131528533,2032.5426358889729,0.8896169776459371,0.07146060248047209,1997,80.1
TUR,coal,634.597,8495.259,34408.518000000004,42903.777,0.014791168619023914,0.19800725236848027,0.044908639209491466,15884.202978309593,0.6138338945625674,0.03585724986825391,2011,207.816
TWN,coal,474.288,1490.327,,,,,0.062351595691151875,1618.0766292328253,0.718098351559134,,1967,41.34
UKR,coal,6389.033220243486,57149.76498777808,178204.8618,235354.6267877781,0.0271464101107498,0.24282405562951034,0.0802271720166782,58697.9563518834,0.9813990634227324,0.021727623602153873,1982,1200.1153692259627
USA,coal,178709.4,518799.333,1251418.4706000001,1770217.8036000002,0.10095334011248104,0.2930709045773603,0.027169136411633543,829643.5305221323,0.5908702246084526,0.019522740948255856,1998,6694.604
UZB,coal,103.2875341754192,1070.726042570025,,,,,0.06922692473621822,1121.7921847069683,0.926708258461616,,1990,21.223
VEN,coal,4.835,1092.735,3342.462,4435.197,0.0010901432337729305,0.2463780075608817,0.21840455544960743,1146.0507656045393,0.962044453121314,0.09070742081570046,2004,68.83
VNM,coal,414.387,6641.224,1046.7,7687.924,0.053901027117333626,0.8638514116424668,,,,0.04694685922814558,2011,303.57
ZAF,coal,4178.133,70326.82,210428.568,280755.38800000004,0.01488175535922395,0.2504914349141538,0.06327974446619847,105421.60170905867,0.9346248097597153,0.042078433746839956,2014,1721.115
ZWE,coal,303.95799999999997,2177.246,3502.956,5680.202,0.05351182933283006,0.3833043261489644,0.05206260276491388,2567.887934684692,0.632933029595333,0.030728256523878453,2014,43.364
